Country,Company
Afghanistan,Afghan Wireless
Afghanistan,Afghan Wireless (TSI)
Afghanistan,Aftel
Afghanistan,Etisalat
Afghanistan,Etisalat Afghanistan
Afghanistan,MTN
Afghanistan,MTN Afghanistan
Afghanistan,Roshan
Afghanistan,Roshan (TDCA)
Afghanistan,Salaam (Afghan Telecom)
Afghanistan,Wasel Telecom
Afghanistan,Wasel Telecom (Closed Q4 2018)
Aland Islands,Alcom
Albania,ALBtelecom (antenna Hungaria) (Merged Q1 2023)
Albania,Albtelecom
Albania,Eagle Mobile
Albania,ONE Telecommunications
Albania,One Albania
Albania,One Telecommunication (antenna Hungaria)
Albania,PLUS (Closed Q1 2018)
Albania,Plus Albania
Albania,Vodafone
Albania,Vodafone Albania
Algeria,ATM Mobilis
Algeria,Algérie Télécom
Algeria,Djezzy
Algeria,Mobilis (Algerie Telecom)
Algeria,Ooredoo (NMTC)
Algeria,Ooredoo Algeria
American Samoa,ASTCA
American Samoa,Blue Sky Communications American Samoa
American Samoa,BlueSky Communications (ATH)
Andorra,Andorra Telecom
Angola,Africell (Lintel)
Angola,Africell Angola
Angola,Movicel
Angola,Unitel
Angola,Unitel Angola
Anguilla,Digicel
Anguilla,Digicel Anguilla
Anguilla,Flow (Liberty Latin America)
Anguilla,Flow Anguilla
Anguilla,Weblinks (Closed Q3 2012)
Antigua & Barbuda,APUA
Antigua & Barbuda,Digicel Antigua
Antigua & Barbuda,Flow Antigua & Barbuda
Antigua and Barbuda,Digicel
Antigua and Barbuda,Flow (Liberty Latin America)
Antigua and Barbuda,inet (APUA)
Argentina,BellSouth (Merged Q1 2005)
Argentina,CRM
Argentina,CTI Holdings
Argentina,Cablevision (Merged Q1 2018)
Argentina,Claro (America Movil)
Argentina,Claro Argentina
Argentina,DirecTV
Argentina,Imowi
Argentina,Miniphone
Argentina,Movistar (Telefonica)
Argentina,Movistar Argentina
Argentina,Nextel (Cablevision) (Merged Q1 2018)
Argentina,Nextel Argentina
Argentina,Nuestro
Argentina,Other
Argentina,Personal
Argentina,Personal (Telecom Argentina)
Argentina,TCP
Argentina,Telecentro
Argentina,Telecom Argentina
Argentina,Telmax (Claro)
Armenia,Karabakh Telecom; Nagorno-Karabakh
Armenia,Team Telecom Armenia
Armenia,UCom Armenia
Armenia,Ucom
Armenia,Viva
Armenia,VivaCell-MTS
Armenia,team Telecom Armenia
Aruba,Digicel
Aruba,Digicel Aruba
Aruba,MIO (Closed Q3 2017)
Aruba,SETAR
Australia,3 Australia
Australia,AAPT
Australia,ALDImobile
Australia,Amaysim
Australia,Austar (Merged Q2 2012)
Australia,Dodo
Australia,Foxtel (Telstra)
Australia,Hutchison Australia
Australia,Iinet
Australia,One.Tel Australia
Australia,Optus
Australia,Optus (Singtel)
Australia,Other
Australia,People Telecom
Australia,TPG
Australia,TPG Telecom Australia
Australia,Telstra
Australia,VHA
Australia,VHA Holding
Australia,Virgin Mobile Australia
Australia,Vocus Communications
Australia,Vodafone (Merged Q2 2009)
Australia,Vodafone (TPG Telecom)
Australia,iPrimus
Australia,iiNet (TPG) (Merged Q3 2015)
Austria,3 (CK Hutchison)
Austria,3 Austria
Austria,A1 (Telekom Austria)
Austria,A1 Telekom
Austria,A1 Telekom Austria
Austria,Connect Austria
Austria,HD Austria
Austria,Hot Austria
Austria,Hutchison Drei
Austria,LIWEST
Austria,Magenta
Austria,Magenta Telekom
Austria,Magenta Telekom (Deutsche Telekom)
Austria,ONE Austria
Austria,Orange (Merged Q1 2013)
Austria,Orange Austria
Austria,Other
Austria,Salzburg AG
Austria,Sky Austria
Austria,Spusu
Austria,Tele.ring (Merged Q2 2006)
Austria,Tele2 (Merged Q4 2017)
Austria,Tele2 Austria
Austria,UPC (Liberty Global) (Merged Q3 2018)
Austria,UPC Austria
Austria,YESSS!
Austria,eety
Austria,max.mobil
Austria,tele.ring
Azerbaijan,Azercell
Azerbaijan,Azercell (Azintelecom)
Azerbaijan,Azerfon
Azerbaijan,Bakcell
Azerbaijan,Catel
Azerbaijan,Fonex (Catel) (Closed Q2 2011)
Azerbaijan,Nar (Azerfon)
Azerbaijan,Naxtel; Nakhchivan
Bahamas,ALIV
Bahamas,BTC
Bahamas,BTC Bahamas
Bahrain,Batelco
Bahrain,STC
Bahrain,STC Bahrain
Bahrain,Zain
Bahrain,Zain Bahrain
Bangladesh,Airtel (Bharti Airtel) (Merged Q4 2016)
Bangladesh,Airtel Bangladesh
Bangladesh,Banglalink
Bangladesh,Banglalion Communications (Closed Q3 2021)
Bangladesh,Citycell
Bangladesh,Citycell (Pacific Bangladesh) (Closed Q4 2016)
Bangladesh,Grameenphone
Bangladesh,Grameenphone (Telenor)
Bangladesh,Ollo (BIEL) (Closed Q1 2019)
Bangladesh,QUBEE (Augere) (Closed Q4 2018)
Bangladesh,Robi (Axiata)
Bangladesh,Robi Axiata
Bangladesh,Sheba Telecom
Bangladesh,TM International Bangladesh
Bangladesh,Teletalk
Bangladesh,Warid Telecom Bangladesh
Bangladesh,banglalink (VEON)
Barbados,Cingular (Merged Q4 2005)
Barbados,Digicel
Barbados,Digicel Barbados
Barbados,Flow (Liberty Latin America)
Barbados,Flow Barbados
Barbados,Ozone (Closed Q3 2019)
Belarus,A1 (A1 Telekom Austria)
Belarus,A1 Belarus
Belarus,BeST
Belarus,Belcel
Belarus,Diallog (Belcel) (Closed Q1 2014)
Belarus,MTS
Belarus,MTS Belarus
Belarus,Yota (Scartel) (Closed Q2 2012)
Belarus,Yota Bel
Belarus,life:) (Turkcell)
Belgium,BASE (Telenet)
Belgium,KPN Group Belgium
Belgium,Lycamobile Belgium
Belgium,Mobisud Belgium
Belgium,Orange
Belgium,Orange Belgium
Belgium,Other
Belgium,Proximus
Belgium,Telenet
Belize,Digi Belize
Belize,DigiCell (Digi)
Belize,Intelco
Belize,Smart
Belize,Smart (Speednet)
Benin,Bell Benin Communications
Benin,Bell Benin Communications (Closed Q4 2015)
Benin,Benin Telecom
Benin,Celtiis
Benin,Celtiis Benin
Benin,Glo Mobile (Globacom) (Closed Q1 2018)
Benin,Globacom Benin
Benin,Libercom (Benin Telecoms) (Closed Q3 2018)
Benin,MTN
Benin,MTN Benin
Benin,Moov Africa (Maroc Telecom)
Benin,Moov Africa Benin
Benin,SBIN
Benin,Telecel Benin
Benin,be. Telecoms (Benin Telecoms) (Closed Q4 2022)
Bermuda,CellOne Bermuda
Bermuda,Digicel
Bermuda,Digicel Bermuda
Bermuda,M3 Wireless (Merged Q2 2011)
Bermuda,One Communications (ATN)
Bermuda,Paradise Mobile
Bermuda,The Bermuda Telephone Company
Bhutan,B-Mobile (Bhutan Telecom)
Bhutan,Bhutan Telecom
Bhutan,Tashi Infocomm
Bhutan,TashiCell
Bolivia,Cotas
Bolivia,Entel
Bolivia,Entel Bolivia
Bolivia,Tigo (Millicom)
Bolivia,Tigo Bolivia
Bolivia,VIVA (Balesia Technologies)
Bolivia,Viva Bolivia
Bonaire; Sint Eustatius and Saba,Digicel
Bonaire; Sint Eustatius and Saba,East Caribbean Cellular (Closed Q4 2010)
Bonaire; Sint Eustatius and Saba,Flow (Liberty Latin America)
Bonaire; Sint Eustatius and Saba,Kla Mobile (Telbo)
Bonaire; Sint Eustatius and Saba,Telbo (Merged Q4 2006)
Bosnia & Herzegovina,BH Telecom
Bosnia & Herzegovina,Blicnet
Bosnia & Herzegovina,Elta-Kabel
Bosnia & Herzegovina,HT Eronet
Bosnia & Herzegovina,Izi Mobil Bosnia Herzegovina
Bosnia & Herzegovina,Logosoft
Bosnia & Herzegovina,Telekom Srpske
Bosnia & Herzegovina,Telrad
Bosnia and Herzegovina,BH Telecom
Bosnia and Herzegovina,HT Eronet (HT Mostar)
Bosnia and Herzegovina,m:tel (Telekom Srpske)
Botswana,Botswana Telecom
Botswana,Mascom (MTN)
Botswana,Mascom Wireless
Botswana,Orange
Botswana,Orange Botswana
Botswana,btc
Brazil,Algar Telecom
Brazil,Algar Telecom Leste
Brazil,Amazonia (Merged Q2 2008)
Brazil,Amazonia Celular
Brazil,Americel
Brazil,BCP
Brazil,BCP Nordeste
Brazil,Brasil Telecom (Merged Q1 2009)
Brazil,Claro
Brazil,Claro (America Movil)
Brazil,Claro - ATL/Algar (Merged Q4 2002)
Brazil,Claro - Americel (Merged Q4 2002)
Brazil,Claro - BCP (Merged Q4 2003)
Brazil,Claro - BSE (Merged Q2 2003)
Brazil,Claro - Telet (Merged Q4 2002)
Brazil,Claro - Tess (Merged Q4 2002)
Brazil,Claro Brazil
Brazil,Datora Telecom
Brazil,GVT (Vivendi) (Merged Q2 2015)
Brazil,J. Safra Telecomunicacoes
Brazil,Nextel (America Movil) (Merged Q4 2019)
Brazil,Nextel Brazil
Brazil,Norte Brasil Telecom
Brazil,Oi
Brazil,On Telecom
Brazil,Other
Brazil,Others Brazil
Brazil,Porto Conecta
Brazil,Sercomtel
Brazil,Sky
Brazil,Surf Telecom
Brazil,TIM
Brazil,TIM (Telecom Italia)
Brazil,TIM Brazil
Brazil,TIM Celular
Brazil,TIM Celular (Merged Q1 2006)
Brazil,TIM Maxitel (Merged Q1 2006)
Brazil,TIM Nordeste
Brazil,TIM Norte
Brazil,TIM Participações
Brazil,TIM Sul
Brazil,TIM Sul SA
Brazil,TIM TCS (Merged Q1 2006)
Brazil,TIM TNC (Merged Q1 2006)
Brazil,Tele Celular Sul Participacoes
Brazil,Tele Leste Celular Participações
Brazil,Tele Nordeste Celular
Brazil,Tele Norte Celular Participações
Brazil,Tele Sudeste Celular Participacoes
Brazil,Telebras
Brazil,Telefónica Brazil
Brazil,Telemig (Holding)
Brazil,Telemig (Merged Q2 2008)
Brazil,Telemig Celular
Brazil,Telesp Celular
Brazil,Telet
Brazil,Telma Celular
Brazil,Tess Celular
Brazil,Unicel Brazil
Brazil,Vivo
Brazil,Vivo (Telefonica Brazil)
Brazil,Vivo (Telefonica)
Brazil,Vivo - CRT (Merged Q1 2006)
Brazil,Vivo - TCO (Merged Q1 2006)
Brazil,Vivo - Tele Leste (Merged Q1 2006)
Brazil,Vivo - Tele Sudeste (Merged Q1 2006)
Brazil,Vivo - TeleSP (Merged Q1 2006)
Brazil,aeiou (Unicel) (Closed Q2 2011)
British Indian Ocean Territory,Sure (Batelco)
British Virgin Islands,Caribbean Cellular Telephone
British Virgin Islands,Digicel British Virgin Islands
British Virgin Islands,Flow British Virgin Islands
Brunei,B-Mobile Brunei
Brunei,DSTCom
Brunei,Imagine
Brunei,Progresif Cellular
Brunei Darussalam,DST
Brunei Darussalam,Imagine
Brunei Darussalam,Progresif
Bulgaria,A1
Bulgaria,A1 (A1 Telekom Austria)
Bulgaria,A1 Bulgaria
Bulgaria,BTC Mobile
Bulgaria,Bulgarian Telecommunications Company (BTC)
Bulgaria,Bulsatcom
Bulgaria,Bulsatcom (Closed Q4 2021)
Bulgaria,MAX (Closed Q1 2017)
Bulgaria,Other
Bulgaria,T.Com (Closed Q4 2021)
Bulgaria,T.com
Bulgaria,VIVACOM
Bulgaria,VIVACOM (United)
Bulgaria,Vivacom
Bulgaria,Yettel
Bulgaria,Yettel (PPF)
Bulgaria,Yettel Bulgaria
Burkina Faso,Moov Africa (Maroc Telecom)
Burkina Faso,Moov Africa Burkina Faso
Burkina Faso,Orange
Burkina Faso,Orange Burkina Faso
Burkina Faso,SKYNET
Burkina Faso,Telecel Burkina Faso
Burkina Faso,Telecel Faso (Planor afrique)
Burkina Faso,Zain Burkina Faso
Burundi,Africell
Burundi,Econet Wireless
Burundi,Econet Wireless (Merged Q1 2015)
Burundi,Econet Wireless Burundi
Burundi,Lumitel
Burundi,Lumitel (Viettel)
Burundi,ONAMOB (ONATEL)
Burundi,Onatel Burundi
Burundi,Smart (Closed Q3 2022)
Burundi,Smart Burundi
Burundi,Spacetel Burundi
Burundi,TEMPO (VTEL) (Closed Q1 2015)
Burundi,U-COM Burundi
Cabo Verde,CVMovel (Cabo Verde Telecom)
Cabo Verde,Unitel T+
Cambodia,Applifone
Cambodia,Beeline (Sotelco) (Merged Q1 2015)
Cambodia,CaSaCom
Cambodia,Cadcomms
Cambodia,Camtel (Closed Q4 2002)
Cambodia,Camtel Cambodia
Cambodia,Cellcard
Cambodia,Cellcard (MobiTel)
Cambodia,CooTel
Cambodia,CooTel (Xinwei Telecom)
Cambodia,Excell (GT-TELL) (Closed Q2 2015)
Cambodia,GT-TELL
Cambodia,Hello (Axiata) (Merged Q1 2013)
Cambodia,Hello Axiata Cambodia
Cambodia,KingTel
Cambodia,Latelz
Cambodia,MetFone (Viettel)
Cambodia,Mfone
Cambodia,Mfone (Thaicom) (Closed Q1 2013)
Cambodia,Qb (CADCOMMS) (Closed Q2 2020)
Cambodia,Smart (Axiata)
Cambodia,Smart Axiata
Cambodia,Sotelco
Cambodia,Star-Cell (Applifone) (Merged Q4 2010)
Cambodia,Tricelcam
Cambodia,Viettel Cambodia
Cambodia,Yes Cambodia
Cambodia,Yes Seatel
Cameroon,4G Africa
Cameroon,CamTel
Cameroon,Camtel Cameroon
Cameroon,MTN
Cameroon,MTN Cameroon
Cameroon,Nexttel
Cameroon,Nexttel (Viettel)
Cameroon,Orange
Cameroon,Orange Cameroon
Cameroon,Providence Technologique
Cameroon,Set'Mobile
Cameroon,Sns Cameroun
Cameroon,Vodafone (Afrimax) (Closed Q3 2017)
Canada,Airtel Wireless
Canada,Aliant
Canada,Aliant Mobility (Merged Q3 2006)
Canada,Bell
Canada,Bell (BCE)
Canada,Bell Canada
Canada,CityWest (Closed Q1 2014)
Canada,Cogeco
Canada,Dryden Mobility (DMTS) (Merged Q4 2012)
Canada,EastLink
Canada,EastLink (Bragg Communications)
Canada,Fido (Merged Q4 2004)
Canada,Fido Solutions
Canada,Fleetcom (Lakeshore)
Canada,Freedom Mobile (Shaw Communications) (Merged Q2 2023)
Canada,ILEC Affiliates
Canada,Ice Wireless
Canada,Keewaytinook Mobile
Canada,Lynx Mobility (OmniGlobe Networks) (Closed Q4 2015)
Canada,MTS
Canada,MTS Wireless (Manitoba Telecom Services) (Merged Q1 2017)
Canada,Microcell
Canada,Mobilicity
Canada,Mobilicity (DAVE) (Merged Q3 2015)
Canada,Mobility Canada
Canada,Other
Canada,Public Mobile
Canada,Public Mobile (Merged Q4 2013)
Canada,QINIQ (SSI Micro)
Canada,Rogers
Canada,SaskTel
Canada,Shaw
Canada,Shaw (Merged Q2 2023)
Canada,Superior Wireless (Merged Q3 2006)
Canada,TELUS
Canada,TNW Wireless (Investel Capital)
Canada,Tbaytel
Canada,Telus
Canada,Videotron
Canada,Videotron (Quebecor Media)
Canada,Virgin Mobile Canada
Canada,WestNet Wireless
Canada,Wightman Telecom
Canada,Xplore Mobile (Xplornet Communications) (Closed Q3 2022)
Cape Verde,CVTelecom
Cape Verde,T-Plus
Cape Verde,Unitel T+
Cayman Islands,Cingular (Merged Q4 2005)
Cayman Islands,Digicel
Cayman Islands,Digicel Cayman Islands
Cayman Islands,Flow (Liberty Latin America)
Cayman Islands,Flow Cayman Islands
Central African Republic,Azur (Bintel) (Closed Q4 2017)
Central African Republic,CTP Socatel (Closed Q2 2004)
Central African Republic,Moov (Maroc Telecom)
Central African Republic,Moov CAR
Central African Republic,Nationlink CAR
Central African Republic,Orange
Central African Republic,Orange CAR
Central African Republic,Telecel
Central African Republic,Telecel CAR
Chad,Airtel (Airtel Africa)
Chad,Airtel Chad
Chad,Moov Africa (Maroc Telecom)
Chad,Moov Africa Chad
Chad,Orascom Telecom
Chad,Salam Mobile
Chad,Sotel
Chad,Tchad Mobile (Closed Q3 2004)
Chad,Zain Chad
Chile,BellSouth (Merged Q1 2005)
Chile,BellSouth Comunicaciones
Chile,CTC Comunicaciones Móviles
Chile,Claro
Chile,Claro (America Movil)
Chile,Claro Chile
Chile,Claro DTH SpA
Chile,DirecTV
Chile,ENTEL
Chile,Entel
Chile,Entel Chile
Chile,Entel PCS Telecomunicaciones
Chile,Falabella
Chile,GTD
Chile,Gtd Móvil
Chile,Interexport (Motorola Solutions)
Chile,Movistar (Telefonica)
Chile,Movistar Chile
Chile,Mundo Pacifico
Chile,Other
Chile,Simple
Chile,Smartcom Chile
Chile,Telefonica
Chile,VTR
Chile,VTR Movil (Liberty Global) (Closed Q3 2013)
Chile,VTR Móvil
Chile,Virgin Mobile Chile
Chile,WOM
Chile,WOM (Novator)
Chile,WOM Chile
China,Beijing Mobile
China,Beijing Unicom China
China,China Broadnet
China,China Mobile
China,China Mobile Other (Merged Q3 2004)
China,China Telecom
China,China Unicom
China,China Unicom Other (Merged Q4 2003)
China,Guangdong Telecom
China,Guangdong Unicom
China,Other
China,Snail Mobile
Cocos (Keeling) Islands,Indian Ocean Territories Telecom
Cocos Islands,IOTT
Colombia,Avantel (Novator) (Merged Q3 2022)
Colombia,Claro
Colombia,Claro (America Movil)
Colombia,Claro Colombia
Colombia,DirecTV
Colombia,ETB
Colombia,Flash Mobile
Colombia,Movistar (Telefonica)
Colombia,Movistar Colombia
Colombia,Móvil Exito
Colombia,Occidente y Caribe Celular
Colombia,Other
Colombia,Tigo (Millicom)
Colombia,Tigo Colombia
Colombia,UNE
Colombia,UNE (EPM) (Merged Q3 2014)
Colombia,Uff! Movil
Colombia,Virgin Mobile Colombia
Colombia,WOM (Novator)
Colombia,WOM Colombia
Comoros,Comores Telecom
Comoros,Huri (Comores Telecom)
Comoros,Telma
Congo,Airtel (Airtel Africa)
Congo,Airtel Congo
Congo,Azur (Bintel) (Closed Q3 2019)
Congo,Congo Telecom
Congo,Cyrus
Congo,Cyrus (Closed Q1 2002)
Congo,Equateur Telecom Congo
Congo,Libertis Congo
Congo,MTN
Congo,MTN Congo
Congo,Warid Congo
Congo,Warid Telecom (Abu Dhabi) (Merged Q1 2014)
Congo,Zain Congo
Congo; Democratic Republic,Africell (Lintel)
Congo; Democratic Republic,Airtel (Airtel Africa)
Congo; Democratic Republic,Orange
Congo; Democratic Republic,Smile
Congo; Democratic Republic,Starcel (Closed Q1 2006)
Congo; Democratic Republic,Supercell
Congo; Democratic Republic,Tatem Telecom
Congo; Democratic Republic,Tigo (Millicom) (Merged Q2 2016)
Congo; Democratic Republic,Vodacom
Cook Islands,Vodafone (ATH)
Cook Islands,Vodafone Cook Islands
Costa Rica,Claro (America Movil)
Costa Rica,Claro Costa Rica
Costa Rica,FullMovil
Costa Rica,Liberty (Liberty Latin America)
Costa Rica,Liberty Costa Rica
Costa Rica,Movistar Costa Rica
Costa Rica,Tuyo Móvil
Costa Rica,kolbi (ICE)
Costa Rica,kölbi
Cote d'Ivoire,CafÃ© Mobile (Aircom) (Closed Q4 2014)
Cote d'Ivoire,Comstar (Closed Q4 2003)
Cote d'Ivoire,GreenN (Oricel) (Closed Q2 2016)
Cote d'Ivoire,MTN
Cote d'Ivoire,Moov Africa (Maroc Telecom)
Cote d'Ivoire,Orange
Cote d'Ivoire,YooMee (Closed Q2 2019)
Cote d'Ivoire,koZ (Comium) (Closed Q2 2016)
Croatia,A1 (A1 Telekom Austria)
Croatia,A1 Croatia
Croatia,HT Mobile
Croatia,Hrvatski Telekom
Croatia,Hrvatski Telekom (Deutsche Telekom)
Croatia,Telemach (United)
Croatia,Telemach Croatia
Cuba,ETECSA
Curacao,Digicel
Curacao,Flow (Liberty Latin America)
Curacao,MIO (EOCG) (Closed Q1 2013)
Cyprus,Areeba
Cyprus,CYTA
Cyprus,Cablenet
Cyprus,Cytamobile-Vodafone
Cyprus,Epic
Cyprus,KKTC Telsim
Cyprus,Kuzey Kibris Turkcell
Cyprus,PrimeTel
Cyprus,Telsim (Vodafone); Northern Cyprus
Cyprus,Turkcell; Northern Cyprus
Cyprus,epic (Monaco Telecom)
Czech Republic,Eurotel Prague
Czech Republic,Nordic Telecom Czech Republic
Czech Republic,O2 Czech Republic
Czech Republic,Oskar Mobil
Czech Republic,Skylink Czech Republic
Czech Republic,T-Mobile Czech Republic
Czech Republic,Tesco Mobile Czech Republic
Czech Republic,Vodafone Czech Republic
Czechia,Nordic Telecom (Closed Q1 2018)
Czechia,O2
Czechia,O2 (PPF)
Czechia,Other
Czechia,T-Mobile (Deutsche Telekom)
Czechia,T-mobile
Czechia,Telly
Czechia,UPC (Merged Q3 2019)
Czechia,Vodafone
Democratic Republic of the Congo,Africell DRC
Democratic Republic of the Congo,Airtel DRC
Democratic Republic of the Congo,Intercel Holdings Democratic Rep of Congo
Democratic Republic of the Congo,Orange DRC
Democratic Republic of the Congo,Standard Telecom
Democratic Republic of the Congo,Supercell
Democratic Republic of the Congo,Tigo DRC
Democratic Republic of the Congo,Vodacom DRC
Democratic Republic of the Congo,Zain DRC
Denmark,3 (CK Hutchison)
Denmark,3 Denmark
Denmark,Allente
Denmark,CBB Mobil
Denmark,Canal Digital (Merged Q2 2020)
Denmark,Cibicom Mobility
Denmark,Lebara Mobile Denmark
Denmark,Lycamobile Denmark
Denmark,Mobilix
Denmark,Net1 (Cibicom)
Denmark,Norlys
Denmark,Nuuday
Denmark,Orange (Merged Q4 2004)
Denmark,Orange Denmark
Denmark,Other
Denmark,Sonofon
Denmark,Stofa (Merged Q3 2023)
Denmark,Tele Danmark Mobil
Denmark,Telenor
Denmark,Telenor Denmark
Denmark,Telia
Denmark,Telia Denmark
Denmark,Telia Mobil
Denmark,Telmore Denmark
Denmark,Viasat (Merged Q2 2020)
Denmark,YouSee (TDC)
Denmark,debitel Denmark
Denmark,youSee (TDC)
Djibouti,Djibouti Telecom
Dominica,Digicel
Dominica,Digicel Dominica
Dominica,Flow (Liberty Latin America)
Dominica,Flow Dominica
Dominica,Orange (Merged Q3 2009)
Dominica,Orange Caraibe Dominica
Dominican Republic,Altice
Dominican Republic,Altice Dominicana
Dominican Republic,Claro (America Movil)
Dominican Republic,Claro Dominicana
Dominican Republic,TRICOM Dominican Republic
Dominican Republic,Tricom (Merged Q2 2014)
Dominican Republic,VIVA Dominicana
Dominican Republic,Viva (Telemicro)
Ecuador,CNT
Ecuador,Claro (America Movil)
Ecuador,Claro Ecuador
Ecuador,Movistar (Telefonica)
Ecuador,Movistar Ecuador
Egypt,Etisalat
Egypt,Etisalat Misr
Egypt,Orange (ECMS)
Egypt,Orange Egypt
Egypt,Telecom Egypt
Egypt,Vodafone
Egypt,Vodafone Egypt
Egypt,We (Telecom Egypt)
El Salvador,Claro (America Movil)
El Salvador,Claro El Salvador
El Salvador,Digicel
El Salvador,Digicel El Salvador
El Salvador,Movistar
El Salvador,Movistar El Salvador
El Salvador,RED Intelfon El Salvador
El Salvador,Red (Intelfon)
El Salvador,Tigo (Millicom)
El Salvador,Tigo El Salvador
Equatorial Guinea,GECOMSA
Equatorial Guinea,GETESA
Equatorial Guinea,MUNI (Green Com)
Equatorial Guinea,Muni Telecom
Eritrea,Eritel
Estonia,Bravocom
Estonia,Elisa
Estonia,Elisa Estonia
Estonia,KOU (Televork) (Merged Q1 2012)
Estonia,Tallinn Mobile (ProGroup) (Merged Q4 2010)
Estonia,Tele2
Estonia,Tele2 Estonia
Estonia,Televorgu
Estonia,Telia
Estonia,Telia Estonia
Eswatini,Eswatini Mobile
Eswatini,MTN
Eswatini,MTN Eswatini
Eswatini,SPTC
Eswatini,eSwatini Mobile
Ethiopia,Ethio Telecom
Ethiopia,Ethio telecom
Ethiopia,Safaricom
Ethiopia,Safaricom Telecommunications Ethiopia
Faeroe Islands,Føroya Tele
Faeroe Islands,Hey
Faeroe Islands,Nema Faeroe Islands
Falkland Islands,Sure (Batelco)
Falkland Islands,Sure Falkland Islands
Faroe Islands,Foroya Tele
Faroe Islands,Hey (Fjarskipta)
Fiji,Digicel (Telstra)
Fiji,Digicel Fiji
Fiji,Telecom Fiji (ATH)
Fiji,Vodafone (ATH)
Fiji,Vodafone Fiji
Finland,Allente
Finland,Boldyn Networks
Finland,Canal Digital (Merged Q2 2020)
Finland,DNA
Finland,DNA Finland
Finland,Edzcom (Cellnex) (Merged Q3 2019)
Finland,Elisa
Finland,Elisa Finland
Finland,Finnet
Finland,Other
Finland,Radiolinja Finland
Finland,Saunalahti Group
Finland,Sonera
Finland,Telia
Finland,Telia Finland
Finland,Viasat (Merged Q2 2020)
Finland,Ålcom
France,Bouygues Telecom
France,Canal+
France,France Telecom Mobiles
France,Free
France,Free (Iliad)
France,Free Mobile (Iliad)
France,KPN France
France,Metropole Television
France,Mobisud France
France,NRJ Group
France,Orange
France,Orange France
France,Ortel Mobile France
France,Other
France,SFR (Altice Europe)
France,SFR (Vivendi) (Merged Q4 2014)
France,SFR France
France,TF1
France,Tele2 France
France,Virgin Mobile France
France,Vivendi Universal
France,neuf telecom
French Guiana,Digicel
French Guiana,Digicel French Guiana
French Guiana,Free Mobile (Iliad)
French Guiana,Orange
French Guiana,Orange Caraibe French Guiana
French Guiana,SFR (Outremer Telecom)
French Guiana,SFR Caraibe French Guiana
French Polynesia,Ora (Viti)
French Polynesia,Pacific Mobile Telecom
French Polynesia,Tikiphone
French Polynesia,Vini (OPT)
French Polynesia,Vodafone (Pacific Mobile Telecom)
French West Indies,Dauphin Telecom
French West Indies,Digicel French West Indies
French West Indies,Orange Caraibe French West Indies
French West Indies,SFR Caraibe
Gabon,Airtel (Airtel Africa)
Gabon,Airtel Gabon
Gabon,Azur (Bintel) (Closed Q4 2017)
Gabon,Azur Gabon
Gabon,Gabon Telecom
Gabon,Moov (Maroc Telecom) (Merged Q2 2016)
Gabon,Moov Africa (Maroc Telecom)
Gabon,Moov Gabon
Gabon,Telecel Gabon
Gabon,Zain Gabon
Gambia,Africell (Lintel)
Gambia,Africell Gambia
Gambia,Comium
Gambia,Comium Gambia
Gambia,Gamcel
Gambia,Gamcel (Gamtel)
Gambia,Gamtel
Gambia,QCell
Gambia,QuantumNet
Georgia,A-Mobile
Georgia,A-Mobile; Abkhazia
Georgia,Aquafon
Georgia,Aquafon (MegaFon); Abkhazia
Georgia,Cellfie
Georgia,GT Mobile Georgia
Georgia,Geocell
Georgia,Geocell (Fintur) (Merged Q4 2018)
Georgia,Iberiatel
Georgia,MagtiCom
Georgia,Magticom
Georgia,MegaCom (Closed Q1 2004)
Georgia,MegaFon; South Ossetia
Georgia,Megacom Georgia
Georgia,S1 (Silknet)
Georgia,Silknet Georgia
Georgia,Telenet (Closed Q4 2006)
Germany,1&1
Germany,1&1 Germany
Germany,1&1 Internet
Germany,AOL Mobile
Germany,AldiTalk Germany
Germany,BILDmobil
Germany,Blau.de
Germany,Deutsche Telekom
Germany,E-Plus
Germany,E-Plus (KPN) (Merged Q4 2014)
Germany,Freenet
Germany,Freenet TV
Germany,Group 3G
Germany,HD+
Germany,Kabel BW (Merged Q4 2011)
Germany,Kabel Deutschland (Merged Q4 2013)
Germany,Medion Mobile Germany
Germany,O2 (Telefonica)
Germany,O2 Germany
Germany,Ortel Mobile Germany
Germany,Other
Germany,PYUR (Telecolumbus)
Germany,Sky
Germany,T-Mobil
Germany,Talkline
Germany,Tchibo Mobilfunk
Germany,Tele2 Germany
Germany,Telekom (Deutsche Telekom)
Germany,The Phone House Germany
Germany,Unitymedia
Germany,Unitymedia (Liberty Global) (Merged Q3 2019)
Germany,Viag Interkom
Germany,Vodafone
Germany,Vodafone Germany
Germany,Yourfone
Ghana,AT
Ghana,AT Ghana
Ghana,Airtel Ghana
Ghana,Blu (Closed Q2 2021)
Ghana,Busy (Closed Q3 2022)
Ghana,Celltel (Closed Q1 2018)
Ghana,Expresso Ghana
Ghana,Glo Mobile
Ghana,Glo Mobile (Globacom)
Ghana,MTN
Ghana,MTN Ghana
Ghana,Surfline (Closed Q2 2023)
Ghana,Telecel Ghana
Ghana,Telesol
Ghana,Tigo (Millicom) (Merged Q4 2017)
Ghana,Tigo Ghana
Ghana,Vodafone (Telecel Group)
Ghana,Vodafone Ghana
Ghana,Zain Ghana
Ghana,Zipnet (Broadband Home) (Closed Q2 2023)
Gibraltar,CTS (Closed Q1 2013)
Gibraltar,Gibtelecom
Gibraltar,Limba (Closed Q1 2019)
Greece,Cosmote
Greece,Cosmote (OTE)
Greece,NOVA
Greece,Nova (United Group)
Greece,Nova Greece
Greece,Other
Greece,Panafon
Greece,Q Telecom (Merged Q2 2007)
Greece,Q-Telecom
Greece,TIM Hellas
Greece,Vodafone
Greece,Vodafone Greece
Greece,WIND (United Group) (Merged Q1 2023)
Greece,WIND Hellas
Greenland,Nanoq Media
Greenland,Tusass
Grenada,Cingular (Merged Q4 2005)
Grenada,Digicel
Grenada,Digicel Grenada
Grenada,Flow (Liberty Latin America)
Grenada,Flow Grenada
Grenada,Grenada Wireless Holdings
Grenada,Spice Mobile (Affordable Island Communication)
Guadeloupe,Digicel
Guadeloupe,Free Mobile (Iliad)
Guadeloupe,Orange
Guadeloupe,SFR (Outremer Telecom)
Guam,DOCOMO PACIFIC (NTT DOCOMO)
Guam,DoCoMo Pacific Guam
Guam,GTA
Guam,Guam Telephone Authority
Guam,Guam Telephone Authority (Northern Marianas)
Guam,Guam Wireless Co
Guam,HafaTel (Merged Q4 2007)
Guam,IT&E (PTI)
Guam,IT&E Guam
Guam,iConnect (Merged Q4 2020)
Guam,iConnect Guam
Guatemala,BellSouth (Merged Q4 2004)
Guatemala,Claro Guatemala
Guatemala,Claro/Movistar (America Movil)
Guatemala,Movistar (Telefonica) (Merged Q1 2019)
Guatemala,Movistar Guatemala
Guatemala,RED Intelfon Guatemala
Guatemala,Telefónica Centroamérica Guatemala
Guatemala,Telefónica Móviles Guatemala y Cía
Guatemala,Tigo (Millicom)
Guatemala,Tigo Guatemala
Guernsey,Airtel-Vodafone (Bharti)
Guernsey,Airtel-Vodafone Guernsey
Guernsey,Guernsey Telecom
Guernsey,JT
Guernsey,JT Guernsey
Guernsey,Sure (Batelco)
Guernsey,Sure Guernsey
Guinea,Cellcom
Guinea,Cellcom Guinée
Guinea,Intercel Guinea Republic
Guinea,Intercel+ (Sudatel) (Closed Q4 2018)
Guinea,International Wireless Guinea Republic
Guinea,MTN
Guinea,MTN Guinea
Guinea,Orange (Sonatel)
Guinea,Orange Guinea
Guinea,SOTELGUI (Closed Q4 2012)
Guinea,Sotelgui
Guinea,Spacetel (Closed Q3 2006)
Guinea,Spacetel Guinea
Guinea-Bissau,Guinetel
Guinea-Bissau,Guinetel (Guine Telecom)
Guinea-Bissau,MTN
Guinea-Bissau,MTN Guinea-Bissau
Guinea-Bissau,Orange (Sonatel)
Guinea-Bissau,Orange Bissau
Guyana,CTL
Guyana,Digicel
Guyana,Digicel Guyana
Guyana,GTT
Guyana,GTT (ATN)
Haiti,Access Haiti
Haiti,Comcel Haiti
Haiti,Digicel
Haiti,Digicel Haiti
Haiti,HaiTel (Closed Q2 2012)
Haiti,Haitel
Haiti,Natcom
Haiti,Natcom (Viettel)
Haiti,Rectel
Haiti,Voila (Comcel) (Merged Q1 2012)
Honduras,Claro (America Movil)
Honduras,Claro Honduras
Honduras,Digicel (Merged Q4 2011)
Honduras,Digicel Honduras
Honduras,Hondutel
Honduras,Tigo (Millicom)
Honduras,Tigo Honduras
Hong Kong,1528 Smart
Hong Kong,3 Hong Kong
Hong Kong,CMHK
Hong Kong,CSL
Hong Kong,HKBN
Hong Kong,HKT
Hong Kong,Hong Kong CSL
Hong Kong,New World
Hong Kong,Peoples
Hong Kong,SmarTone Hong Kong
Hong Kong,Sunday
Hong Kong,Sunday 3G
Hong Kong; SAR China,3 (CK Hutchison)
Hong Kong; SAR China,CSL (Telstra) (Merged Q2 2014)
Hong Kong; SAR China,China Mobile
Hong Kong; SAR China,New World (Merged Q1 2006)
Hong Kong; SAR China,SmarTone
Hong Kong; SAR China,csl (HKT)
Hong Kong; SAR China,iConnect (Sino Asia Industrial)
Hungary,DIGI
Hungary,DIGI Hungary
Hungary,DigiMobil (Antenna Hungaria) (Merged Q2 2023)
Hungary,Invitel (Merged Q2 2018)
Hungary,Magyar Telekom
Hungary,MinDig TV Extra (Antenna Hungary)
Hungary,Other
Hungary,Tarr
Hungary,Tesco Mobile Hungary
Hungary,UPC (Merged Q3 2019)
Hungary,UPC Hungary
Hungary,ViDaNet
Hungary,Vodafone
Hungary,Vodafone  (Antenna Hungaria)
Hungary,Vodafone Hungary
Hungary,Westel Hungary
Hungary,Yettel (PPF)
Hungary,Yettel Hungary
Iceland,365 Media
Iceland,Hringidan
Iceland,IMC
Iceland,Nova
Iceland,Siminn
Iceland,Síminn
Iceland,Vodafone (sÃ½n)
Iceland,Vodafone Iceland
India,Aircel
India,Aircel (Maxis) (Closed Q2 2018)
India,Aircel Cellular
India,Airtel (Bharti Airtel)
India,BPL Mobile
India,BSNL
India,Bharti AirTel India
India,Bharti Airtel
India,Bharti Cellular
India,Bharti Televentures
India,Cheers Mobile (Etisalat DB) (Closed Q2 2012)
India,Den Networks
India,Dish TV
India,Escotel India
India,Etisalat DB Telecom
India,Hathway
India,Hexacom
India,Hexacom (Merged Q2 2004)
India,Hutchison India
India,Idea Cellular
India,Idea Mobile Communications
India,Koshika
India,Loop Mobile
India,Loop Mobile (Closed Q4 2014)
India,Loop Telecom
India,MTNL
India,MTS (Sistema Shyam TeleServices) (Merged Q4 2017)
India,Other
India,Quadrant
India,Reliance Communication
India,Reliance Communications
India,Reliance Infocomm
India,Reliance Jio
India,Reliance Jio (Reliance Industries)
India,Reliance Jio Infocomm
India,Reliance Telecom
India,S Tel
India,S Tel (Closed Q2 2012)
India,SITI Networks
India,Shyam
India,Spice Telecom (Merged Q1 2010)
India,Sterling Cellular
India,Tata DOCOMO (Tata Teleservices) (Merged Q3 2019)
India,Tata Sky
India,Tata Teleservices
India,Telenor (Merged Q2 2018)
India,Telenor India
India,Unitech Wireless
India,Unitech Wireless (Mumbai)
India,Usha Martin
India,Vi
India,Videocon
India,Videocon (Quadrant Televentures) (Closed Q1 2017)
India,Videocon Telecom (Closed Q2 2016)
India,Vodafone (Merged Q3 2018)
India,Vodafone Essar
India,Vodafone Idea
India,Vodafone India
Indonesia,3 (CK Hutchison) (Merged Q1 2022)
Indonesia,3 Indonesia
Indonesia,Axis (STC) (Merged Q1 2014)
Indonesia,Axis Telecom Indonesia
Indonesia,BOLT! (Internux) (Closed Q1 2019)
Indonesia,BakrieTel
Indonesia,INDOSATM2
Indonesia,Indosat Ooredoo
Indonesia,Indosat Ooredoo Hutchison
Indonesia,Indosat Ooredoo Hutchison (IOH)
Indonesia,Komselindo
Indonesia,Komselindo (Merged Q1 2003)
Indonesia,Linknet
Indonesia,MNC Vision Networks
Indonesia,Metrosel
Indonesia,Metrosel (Merged Q1 2003)
Indonesia,Mobile-8
Indonesia,Natrindo Telepon Seluler
Indonesia,Net 1
Indonesia,Net1 (Sampoerna Telekomunikasi Indonesia) (Closed Q4 2021)
Indonesia,Other
Indonesia,PT Internux
Indonesia,Satelindo
Indonesia,Smart Telecom (Merged Q1 2011)
Indonesia,Smart Telecom Indonesia
Indonesia,Smartfren
Indonesia,Telesera
Indonesia,Telesera (Merged Q3 2004)
Indonesia,Telkom Indonesia
Indonesia,Telkomsel
Indonesia,Telkomsel (Telkom Indonesia)
Indonesia,XL (Axiata)
Indonesia,XL Axiata
Indonesia,hinet (Berca Hardayaperkasa) (Closed Q4 2022)
Iran,HiWeb
Iran,Irancell
Iran,MCI
Iran,MCI (TCI)
Iran,MTCE
Iran,MTCE (TCI) (Closed Q2 2016)
Iran,MTN Irancell
Iran,RighTel
Iran,Rightel (Tamin Telecom)
Iran,Shatel Mobile
Iran,TKC
Iran,Taliya
Iraq,Asiacell
Iraq,Asiacell (Ooredoo)
Iraq,AtheerTel
Iraq,Fastlink (Regional Telecom); Kurdistan
Iraq,Goran Net 4G (Seven Net layers)
Iraq,Iraqna (Merged Q4 2007)
Iraq,Itisaluna
Iraq,Kalimat
Iraq,Korek Telecom
Iraq,Mobitel; Kurdistan (Closed Q3 2017)
Iraq,Orascom Iraq
Iraq,Sanatel
Iraq,Sanatel (Merged Q3 2009)
Iraq,Tishknet; Kurdistan
Iraq,Zain
Iraq,Zain Iraq
Ireland,3 (CK Hutchison)
Ireland,3 Ireland
Ireland,Eir
Ireland,Eircell
Ireland,O2 (Ireland)
Ireland,O2 (Telefonica) (Merged Q3 2014)
Ireland,O2 Ireland
Ireland,Other
Ireland,Sky Ireland
Ireland,Tesco Mobile Ireland
Ireland,Virgin Media
Ireland,Virgin Media Ireland
Ireland,Vodafone
Ireland,Vodafone Ireland
Ireland,eir
Isle of Man,Manx Telecom
Isle of Man,Sure (Batelco)
Isle of Man,Sure Isle of Man
Israel,Cellcom
Israel,Cellcom Israel
Israel,Golan Telecom
Israel,Golan Telecom (Merged Q3 2020)
Israel,HOT Mobile (Altice Europe)
Israel,Hot Mobile
Israel,MIRS Communications Israel
Israel,Partner
Israel,Partner Communications
Israel,Pelephone
Israel,Pelephone (Bezeq)
Israel,Rami Levi
Israel,We4G
Israel,wecom (018 Xfone)
Italy,3 Italy
Italy,Blu
Italy,CoopVoce
Italy,DIGI Italy
Italy,Fastweb
Italy,Fastweb (Swisscom)
Italy,Iliad
Italy,Iliad Italy
Italy,Mediaset Premium
Italy,Other
Italy,PosteMobile
Italy,Sky
Italy,TIM
Italy,TIM (Telecom Italia)
Italy,Telecom Italia
Italy,Tessellis (Tiscali)
Italy,Tiscali Italy
Italy,Vodafone
Italy,Vodafone (Swisscom)
Italy,Vodafone Italy
Italy,WIND (VimpelCom) (Merged Q4 2016)
Italy,Wind
Italy,Wind Tre
Italy,Wind Tre (CK Hutchison)
Ivory Coast,Cafe Mobile
Ivory Coast,Comium Ivory Coast
Ivory Coast,Cora de Comstar
Ivory Coast,Green Network Ivory Coast
Ivory Coast,Loteny
Ivory Coast,MTN Cote d'Ivoire
Ivory Coast,Moov Africa Ivory Coast
Ivory Coast,Orange Cote d'Ivoire
Ivory Coast,SIM
Jamaica,America Movil Jamaica
Jamaica,Caricel (Closed Q2 2018)
Jamaica,Claro (America Movil) (Merged Q4 2011)
Jamaica,Digicel
Jamaica,Digicel Jamaica
Jamaica,Flow (Liberty Latin America)
Jamaica,Flow Jamaica
Jamaica,Mossel Jamaica
Japan,Astel
Japan,BIGLOBE
Japan,DDI Cellular
Japan,DDI Pocket
Japan,IIJ
Japan,J-Phone
Japan,J:COM (Merged Q2 2014)
Japan,KDDI
Japan,Line Mobile
Japan,Mineo
Japan,NTT
Japan,NTT Communications
Japan,NTT DOCOMO
Japan,NTT DoCoMo
Japan,Other
Japan,Others Japan
Japan,Rakuten Mobile
Japan,Sky Perfect JSAT
Japan,SoftBank
Japan,Softbank
Japan,Tu-Ka
Japan,Vodafone Japan
Japan,WOWOW
Japan,Willcom (Merged Q2 2014)
Japan,Ymobile
Japan,Ymobile (SoftBank) (Merged Q2 2015)
Japan,au (KDDI)
Jersey,Airtel-Vodafone (Bharti)
Jersey,Airtel-Vodafone Jersey
Jersey,BT Cellnet Jersey
Jersey,JT
Jersey,JT Jersey
Jersey,Sure (Batelco)
Jersey,Sure Jersey
Jordan,Friendi Mobile Jordan
Jordan,Orange (Jordan Telecom)
Jordan,Orange Jordan
Jordan,Umniah
Jordan,Umniah (Batelco)
Jordan,XPress
Jordan,Xpress (Closed Q4 2010)
Jordan,Zain
Jordan,Zain Jordan
Jordan,wi-tribe (Closed Q4 2012)
Kazakhstan,ALTEL (Kazakhtelecom) (Merged Q1 2016)
Kazakhstan,Altel Kazakhstan
Kazakhstan,Beeline (VEON)
Kazakhstan,Beeline Kazakhstan
Kazakhstan,Kazakhtelecom
Kazakhstan,Kcell
Kazakhstan,Kcell (Kazakhtelecom)
Kazakhstan,Mobile Telecom Service
Kazakhstan,Tele2 / ALTEL
Kazakhstan,Tele2 Kazakhstan
Kazakhstan,Tolkyn
Kenya,Airtel (Airtel Africa)
Kenya,Airtel Kenya
Kenya,Equitel
Kenya,Essar Telecom Kenya
Kenya,Faiba (Jamii Telecom)
Kenya,Jamii Telecommunications
Kenya,KenCell Communications
Kenya,Mobipay Kenya
Kenya,Safaricom
Kenya,Telkom Kenya
Kenya,Zioncell Kenya
Kenya,yuMobile (Essar Telecom) (Merged Q4 2014)
Kiribati,Ocean Link
Kiribati,OceanLink
Kiribati,Vodafone (ATH)
Kiribati,Vodafone Kiribati
Korea; North,Byol
Korea; North,Koryolink (OTMT)
Korea; South,IDIS Powertel
Korea; South,KT
Korea; South,LG HelloVision
Korea; South,LG Uplus
Korea; South,Other
Korea; South,SK Telecom
Kosovo,D3
Kosovo,Dardafone
Kosovo,IPKO
Kosovo,IPKO (Telekom Slovenije)
Kosovo,Vala
Kosovo,Vala (Kosovo Telecom)
Kosovo,mts (Telekom Srbija)
Kuwait,MTC Kuwait
Kuwait,Ooredoo (NMTC)
Kuwait,Ooredoo Kuwait
Kuwait,STC
Kuwait,STC Kuwait
Kuwait,Virgin Mobile Kuwait
Kuwait,Zain
Kuwait,Zain Kuwait
Kyrgyzstan,AkTel
Kyrgyzstan,BITEL Kyrgyzstan
Kyrgyzstan,Beeline (VEON)
Kyrgyzstan,Beeline Kyrgyzstan
Kyrgyzstan,Fonex (AkTel) (Closed Q2 2016)
Kyrgyzstan,ICG/Katel
Kyrgyzstan,Katel (Closed Q2 2015)
Kyrgyzstan,Mega (Alfa Telecom)
Kyrgyzstan,MegaCom Kyrgyzstan
Kyrgyzstan,Nexi
Kyrgyzstan,Nexi (SoTel) (Closed Q2 2015)
Kyrgyzstan,Nur Telecom
Kyrgyzstan,O! (NurTelecom)
Kyrgyzstan,Saima Telecom
Kyrgyzstan,Saima4G
Kyrgyzstan,Sapatcom (Winline) (Closed Q1 2017)
Laos,Beeline Laos
Laos,EPTL
Laos,ETL
Laos,LAT
Laos,Lao Telecom
Laos,M-Phone (Lao Telecom)
Laos,TPLUS (Merged Q1 2019)
Laos,TPlus Laos
Laos,Unitel (Star Telecom)
Laos,Unitel Laos
Latvia,Amigo
Latvia,Bite (Providence)
Latvia,Bité Latvia
Latvia,Izzi
Latvia,LMT
Latvia,LMT (Telia)
Latvia,Tele2
Latvia,Tele2 Latvia
Latvia,Telekom Baltija
Latvia,Triatel
Lebanon,Alfa
Lebanon,Alfa Lebanon
Lebanon,Touch
Lesotho,Econet Ezi-Cell Lesotho
Lesotho,Econet Telecom Lesotho
Lesotho,Vodacom
Lesotho,Vodacom Lesotho
Liberia,Atlantic Wireless Liberia
Liberia,LTC Mobile
Liberia,LiberCell (Atlantic Wireless) (Closed Q3 2012)
Liberia,Lonestar Cell MTN
Liberia,LonestarCell MTN
Liberia,NOVAFONE (Merged Q3 2016)
Liberia,Novafone
Liberia,Orange
Liberia,Orange Liberia
Libya,Almadar Aljadid
Libya,LibyaPhone
Libya,LibyaPhone Mobile (Libya Telecom & Technology)
Libya,Libyana
Liechtenstein,7acht (Salt)
Liechtenstein,Alpmobile (Unify) (Closed Q1 2012)
Liechtenstein,FL1 (Telecom Liechtenstein)
Liechtenstein,Salt Liechtenstein
Liechtenstein,Swisscom
Liechtenstein,Swisscom Mobile Liechtenstein
Liechtenstein,Tango Liechtenstein
Liechtenstein,Telecom Liechtenstein
Liechtenstein,mobilkom Liechtenstein
Lithuania,Bite (Providence)
Lithuania,Bité Lithuania
Lithuania,Comliet
Lithuania,Eurocom
Lithuania,MEZON (LRTC) (Merged Q4 2020)
Lithuania,Tele2
Lithuania,Tele2 Lithuania
Lithuania,Teledema Lithuania
Lithuania,Telia
Lithuania,Telia Lithuania
Luxembourg,JOIN Experience (JOIN Wireless / POST)
Luxembourg,Orange
Luxembourg,Orange Luxembourg
Luxembourg,POST Luxembourg
Luxembourg,Proximus
Luxembourg,Tango Luxembourg
Macao,3 Macao
Macao,CTM
Macao,China Telecom (Macau)
Macao,SmarTone Macau
Macao; SAR China,3 (CK Hutchison)
Macao; SAR China,CTM (CITIC Telecom)
Macao; SAR China,China Telecom
Macao; SAR China,SmarTone
Madagascar,Airtel (Airtel Africa)
Madagascar,Airtel Madagascar
Madagascar,Blueline
Madagascar,Blueline (BIP)
Madagascar,Intercel (Closed Q2 2004)
Madagascar,Intercel Holdings Madagascar
Madagascar,Life (Madamobil) (Closed Q2 2012)
Madagascar,Madacom
Madagascar,Madamobil
Madagascar,Orange
Madagascar,Orange Madagascar
Madagascar,SMM
Madagascar,Sacel Madagascar
Madagascar,Telecel Madagascar
Madagascar,Telma
Madagascar,Telma Madagascar
Malawi,Access Communications
Malawi,Afrimax
Malawi,Airtel (Airtel Africa)
Malawi,Airtel Malawi
Malawi,Globe Internet
Malawi,MTL (Closed Q4 2017)
Malawi,Malawi Telecommunications Limited
Malawi,TNM
Malawi,Telekom Malaysia (Malawi)
Malawi,Telekom Networks Malawi
Malawi,Zero2
Malaysia,ALTEL (Puncak Semangat) (Closed Q1 2023)
Malaysia,Altel Communications
Malaysia,Celcom (Axiata) (Merged Q4 2022)
Malaysia,Celcom Malaysia
Malaysia,CelcomDigi
Malaysia,DiGi
Malaysia,Digi (CelcomDigi)
Malaysia,Electcoms
Malaysia,Malaysian Mobile Services
Malaysia,Maxis
Malaysia,Maxis Communications
Malaysia,Mobikom Malaysia
Malaysia,Others Malaysia
Malaysia,TIMECel
Malaysia,TM Cellular
Malaysia,TMgo (Telekom Malaysia) (Closed Q4 2018)
Malaysia,Telekom Cellular (Merged Q2 2003)
Malaysia,Telekom Malaysia
Malaysia,Tune Talk
Malaysia,U Mobile
Malaysia,U Mobile Malaysia
Malaysia,Unifi
Malaysia,XOX
Malaysia,YTL Communications
Malaysia,Yes (YTL Communications)
Malaysia,unifi (Telekom Malaysia)
Maldives,Dhiraagu
Maldives,Dhiraagu (Batelco)
Maldives,Ooredoo (NMTC)
Maldives,Ooredoo Maldives
Mali,IKATEL
Mali,Moov Africa (Maroc Telecom)
Mali,Moov Africa Mali
Mali,Orange (Sonatel)
Mali,Orange Mali
Mali,Telecel (Atel)
Mali,Telecel Mali
Malta,GO
Malta,Go (Tunisie Telecom)
Malta,Melita
Malta,epic (Monaco Telecom)
Malta,epic Malta
Marshall Islands,NTA
Marshall Islands,National Telecommunications Authority
Martinique,Digicel
Martinique,Free Mobile (Iliad)
Martinique,Orange
Martinique,SFR (Outremer Telecom)
Mauritania,Chinguitel
Mauritania,Chinguitel (Sudatel)
Mauritania,Mattel
Mauritania,Mattel (Tunisie Telecom)
Mauritania,Moov Mauritel
Mauritania,Moov Mauritel (Maroc Telecom)
Mauritius,CHILI (MTML)
Mauritius,CHILI Mauritius
Mauritius,Emtel (Currimjee)
Mauritius,Emtel Mauritius
Mauritius,my.t
Mauritius,my.t (Mauritius Telecom)
Mayotte,Free Mobile Mayotte
Mayotte,Maore Mobile (BJT Partners)
Mayotte,Only (Axian / Iliad)
Mayotte,Orange
Mayotte,Orange Mayotte
Mayotte,Outremer Telecom Mayotte
Mayotte,SFR (Altice Europe)
Mayotte,SFR Mayotte
Mexico,AT&T
Mexico,AT&T Mexico
Mexico,Altán Redes
Mexico,America Movil Mexico
Mexico,Bait (Wallmart)
Mexico,Baja Celular
Mexico,Cedetel
Mexico,Cierto
Mexico,Dish
Mexico,Flash
Mexico,FreedomPop Mexico
Mexico,Grupo Iusacell Celular
Mexico,Maxcom
Mexico,Maz Tiempo
Mexico,Mega Cable Mexico
Mexico,Megacable
Mexico,Movistar (Telefonica) (MVNO)
Mexico,Movistar Mexico
Mexico,Movitel
Mexico,Nextel (Merged Q2 2015)
Mexico,Nextel Mexico
Mexico,Norcel
Mexico,Other
Mexico,Oui
Mexico,Pegaso PCS
Mexico,Portatel
Mexico,QBoCel
Mexico,SPC
Mexico,Telcel (America Movil)
Mexico,Telcel Mexico
Mexico,Televisa
Mexico,Telmex (America Movil)
Mexico,Total Play
Mexico,Unefon (Merged Q2 2007)
Mexico,Virgin Mobile Mexico
Mexico,WEEX
Micronesia,FSM Telecom
Micronesia (Federated States of),FSM Telecommunications
Moldova,Eventis Mobile
Moldova,Eventis Mobile (Closed Q1 2010)
Moldova,IDC (Interdnestrkom); Transnistria
Moldova,InterDnestrCom
Moldova,Moldcell
Moldova,Moldtelecom
Moldova,Orange
Moldova,Orange Moldova
Moldova,Unite (Moldtelecom)
Moldova,Voxtel
Monaco,Monaco Telecom
Monaco,Monaco Telecom (NJJ)
Mongolia,G-Mobile
Mongolia,GMobile
Mongolia,MobiCom
Mongolia,ONDO
Mongolia,ONDO (IN Mobile Network)
Mongolia,SKYtel
Mongolia,Skytel
Mongolia,Unitel
Mongolia,Unitel Mongolia
Montenegro,Crnogorski Telekom
Montenegro,Monet Montenegro
Montenegro,ONE Montenegro
Montenegro,Promonte
Montenegro,m:tel
Montenegro,m:tel (Telekom Srbija)
Montenegro,one (antenna Hungaria)
Montserrat,Digicel
Montserrat,Flow (Liberty Latin America)
Montserrat,Flow Montserrat
Morocco,Maroc Telecom (e&)
Morocco,Maroc Telecom Morocco
Morocco,Orange
Morocco,Orange Morocco
Morocco,Wana
Morocco,inwi (Wana)
Mozambique,Mocambique Celular
Mozambique,Movitel (Viettel)
Mozambique,Movitel Mozambique
Mozambique,Telecommunicacoes de Mocambique
Mozambique,Tmcel
Mozambique,Vodacom
Mozambique,Vodacom Mozambique
Myanmar,ATOM
Myanmar,Amara Communications
Myanmar,Ananda Infinity (Amara Communications)
Myanmar,MPT
Myanmar,MyTel
Myanmar,Myanmar P&T
Myanmar,Mytel Myanmar
Myanmar,Ooredoo
Myanmar,Ooredoo Myanmar
Namibia,Cell One Namibia
Namibia,MTC
Namibia,MTC Namibia
Namibia,Paratus Telecom
Namibia,TN Mobile (Telecom Namibia)
Namibia,Telecom Namibia
Namibia,leo (Powercom) (Merged Q4 2012)
Nauru,Digicel (Telstra)
Nauru,Digicel Nauru
Nauru,PacCell (Acclinks) (Closed Q3 2022)
Nauru,Rontel
Nepal,CG Telecom
Nepal,Hello Nepal (Nepal Satellite Telecom) (Closed Q4 2021)
Nepal,NSTPL
Nepal,NTC (Nepal)
Nepal,Ncell
Nepal,Ncell Axiata
Nepal,Nepal Telecom
Nepal,STM Telecom
Nepal,Smart Cell (Smart Telecom)
Nepal,Smart Telecom Nepal
Nepal,Spice Nepal
Nepal,UTL Nepal
Nepal,United Telecom (Closed Q4 2023)
Netherland Antillies,Cellular One Netherland Antilles
Netherland Antillies,Chippie
Netherland Antillies,Digicel Netherlands Antilles (Bonaire)
Netherland Antillies,Digicel Netherlands Antilles (Curaçao)
Netherland Antillies,East Caribbean Cellular
Netherland Antillies,TelCell
Netherland Antillies,Telefonía Bonariano
Netherlands,Dutchtone
Netherlands,KPN
Netherlands,Netherlands PTT
Netherlands,O2 Netherlands
Netherlands,ODIDO
Netherlands,Odido
Netherlands,Orange (Merged Q4 2007)
Netherlands,Orange Netherlands
Netherlands,Other
Netherlands,Tele2 (Merge Q1 2019)
Netherlands,Tele2 (Merged Q1 2019)
Netherlands,Tele2 Netherlands
Netherlands,Telfort
Netherlands,Telfort (Merged Q4 2005)
Netherlands,Telfort Netherlands
Netherlands,UPC (Merged Q4 2014)
Netherlands,UPC Netherlands
Netherlands,Vodafone (Merged Q4 2016)
Netherlands,Vodafone Libertel
Netherlands,VodafoneZiggo
Netherlands,VodafoneZiggo (Liberty Global / Vodafone)
Netherlands,Ziggo (Liberty Global) (Merged Q4 2016)
Netherlands,Ziggo (Merged Q4 2016)
New Caledonia,OPT
New Caledonia,OPT New Caledonia
New Zealand,2degrees
New Zealand,One
New Zealand,One NZ
New Zealand,Spark
New Zealand,Spark New Zealand
New Zealand,Two Degrees
Nicaragua,Claro (America Movil)
Nicaragua,Claro Nicaragua
Nicaragua,CooTel (Xinwei Telecom)
Nicaragua,Movistar Nicaragua
Nicaragua,Sercom Nicaragua
Nicaragua,Teleglobo
Nicaragua,Tigo (Millicom)
Nicaragua,Tigo Nicaragua
Niger,Airtel (Airtel Africa)
Niger,Airtel Niger
Niger,Moov (Maroc Telecom)
Niger,Moov Africa Niger
Niger,Niger Telecom
Niger,Niger Telecoms
Niger,SONITEL
Niger,Sahelcom
Niger,Zain Niger
Niger,Zamani Telecom
Niger,Zamani Telecom (Zamanicom)
Nigeria,9Mobile
Nigeria,9mobile (Teleology)
Nigeria,Airtel (Airtel Africa)
Nigeria,Airtel Nigeria
Nigeria,Bourdex Telecom
Nigeria,EMIS
Nigeria,EWN
Nigeria,Glo Mobile (Globacom)
Nigeria,Glo Mobile Nigeria
Nigeria,InterC Network
Nigeria,M-Tel
Nigeria,MTN
Nigeria,MTN Nigeria
Nigeria,MTS First Wireless
Nigeria,Mafab Communications
Nigeria,Multi-Links
Nigeria,Multi-Links (Capcom) (Closed Q2 2016)
Nigeria,Prestel
Nigeria,Reliance Telecom Nigeria
Nigeria,Smile
Nigeria,Starcomms
Nigeria,Starcomms (Closed Q1 2014)
Nigeria,Swift Networks
Nigeria,V-Mobile
Nigeria,Visafone (Merged Q1 2016)
Nigeria,Visafone Communications
Nigeria,ZOOMmobile (RelTel Wireless) (Closed Q2 2012)
Nigeria,Zain Nigeria
Nigeria,ntel (NatCom)
Niue,Telecom Niue
Norfolk Island,Norfolk Telecom
North Korea,Koryolink
North Korea,NEAT&T
North Macedonia,A1 Macedonia
North Macedonia,A1 Macedonia (A1 Telekom Austria)
North Macedonia,Cosmofon
North Macedonia,M:tel (Telekom Srbija)
North Macedonia,Makedonski Telekom
North Macedonia,Mobimak
North Macedonia,ONE (Telekom Slovenije) (Merged Q4 2015)
North Macedonia,One
Northern Mariana Islands,DOCOMO PACIFIC (NTT DOCOMO)
Northern Mariana Islands,DoCoMo Pacific Northern Marianas
Northern Mariana Islands,IT&E (PTI)
Northern Mariana Islands,Pacific Telecom Northern Marianas
Northern Mariana Islands,iConnect (Merged Q4 2020)
Northern Mariana Islands,iConnect Northern Marianas
Norway,Allente
Norway,Altibox / Lyse / Viken
Norway,Canal Digital (Merged Q2 2020)
Norway,Get (Merged Q4 2018)
Norway,Ice
Norway,Ice Norway
Norway,MTU (Closed Q4 2008)
Norway,Mobyson Norway
Norway,Network Norway
Norway,Network Norway (Merged Q4 2011)
Norway,NextGen Tel
Norway,Other
Norway,RiksTV
Norway,Tele2 (Merged Q1 2015)
Norway,Telenor
Norway,Telenor Norway
Norway,Telia
Norway,Telia Norway
Norway,Viasat (Merged Q2 2020)
Oman,Friendi Mobile Oman
Oman,Injaz International Telecommunications
Oman,Majan Telecommunications
Oman,Mazoon Mobile
Oman,Omantel
Oman,Ooredoo
Oman,Ooredoo Oman
Oman,Vodafone (OFT)
Oman,Vodafone Oman
Pakistan,China Mobile Pakistan
Pakistan,Instaphone (Pakcom) (Closed Q4 2009)
Pakistan,Jazz (VEON)
Pakistan,Jazz Pakistan
Pakistan,PTCL
Pakistan,PTML
Pakistan,Pakcom
Pakistan,Paktel
Pakistan,Qubee (Augere) (Merged Q4 2018)
Pakistan,SCO
Pakistan,Special Communications Organization
Pakistan,Telenor
Pakistan,Telenor Pakistan
Pakistan,Warid Pakistan
Pakistan,Warid Telecom (Abu Dhabi) (Merged Q3 2016)
Pakistan,Wateen Telecom (Abu Dhabi) (Closed Q2 2018)
Pakistan,Zong (China Mobile)
Pakistan,wi-tribe
Pakistan,wi-tribe (Closed Q3 2020)
Palau,PNCC
Palau,PT Waves (Palau Telecoms)
Palau,Palau Mobile
Palau,Palau Mobile (Closed Q3 2014)
Palau,PalauCel (PNCC)
Palestine,Jawwal (PalTel)
Palestine,Ooredoo
Palestine,Ooredoo Palestine
Palestine,Paltel
Panama,Cable & Wireless
Panama,Cable & Wireless Panama
Panama,Claro
Panama,Claro Panama
Panama,Digicel
Panama,Digicel Panama
Panama,Movistar Panama
Panama,Tigo (Millicom)
Panama,Tigo Panama
Papua New Guinea,Digicel (Telstra)
Papua New Guinea,Digicel Papua New Guinea
Papua New Guinea,Telikom
Papua New Guinea,Telikom PNG
Papua New Guinea,Vodafone
Papua New Guinea,Vodafone Papua New Guinea
Papua New Guinea,bmobile Papua New Guinea
Papua New Guinea,bmobile-Vodafone (Merged Q4 2021)
Paraguay,AMX Paraguay
Paraguay,Claro (America Movil)
Paraguay,Claro Paraguay
Paraguay,HT Paraguay
Paraguay,Personal (Telecom Argentina)
Paraguay,Personal Paraguay
Paraguay,Telecel Paraguay
Paraguay,Tigo (Millicom)
Paraguay,Tigo Paraguay
Paraguay,Vox
Paraguay,Vox (Hola)
Peru,BellSouth (Merged Q4 2004)
Peru,Bitel (Viettel)
Peru,Bitel Peru
Peru,Claro (America Movil)
Peru,Claro Peru
Peru,Entel
Peru,Entel Peru
Peru,Flash Mobile Peru
Peru,Guinea Mobile
Peru,Movistar (Telefonica)
Peru,Movistar Peru
Peru,TIM Peru
Peru,Telefonica Móviles
Philippines,ABS-CBN
Philippines,BayanTel
Philippines,DITO
Philippines,Digitel Mobile
Philippines,Digitel Philippines
Philippines,Dito Telecommunity
Philippines,Express Telecom (Closed Q3 2011)
Philippines,Extelcom
Philippines,Globe Telecom
Philippines,Innove
Philippines,Islacom
Philippines,Islacom (Merged Q2 2001)
Philippines,NOW Telecom (Now corp)
Philippines,Next Mobile
Philippines,PLDT
Philippines,Piltel
Philippines,Smart (PLDT)
Philippines,Sun Cellular (Digitel) (Merged Q4 2011)
Philippines,Talk 'N Text (Merged Q3 2009)
Philippines,wi-tribe (Liberty Telecoms) (Closed Q4 2015)
Poland,Aero2 (Merged Q4 2011)
Poland,Aero2 (Midas) (Merged Q2 2016)
Poland,Aster
Poland,Carrefour Poland
Poland,Centernet
Poland,Cyfrowy Polsat
Poland,Dialog
Poland,Inea
Poland,MNI Telecom Poland
Poland,Mobilking
Poland,Multimedia Polska
Poland,Multimedia Polska (Vectra)
Poland,Netia (Cyfrowy Polsat)
Poland,Netia Mobile
Poland,Nordisk Polska (Merged Q3 2009)
Poland,Orange
Poland,Orange Poland
Poland,Other
Poland,Play (Iliad)
Poland,Play Poland
Poland,Plus (Cyfrowy Polsat)
Poland,Plus Poland
Poland,Sferia
Poland,T-Mobile (Deutsche Telekom)
Poland,T-Mobile Poland
Poland,UPC (Play) (Merged Q3 2023)
Poland,UPC Poland
Poland,Vectra
Poland,mBank
Poland,tuBiedronka
Portugal,CTT
Portugal,Lycamobile Portugal
Portugal,MEO
Portugal,MEO (Altice Europe)
Portugal,NOS
Portugal,NoWo (Digi)
Portugal,Optimus (Sonaecom) (Merged Q3 2013)
Portugal,Other
Portugal,PT Portugal SGPS SA
Portugal,Rede4
Portugal,Sonaecom
Portugal,Vectone Mobile Portugal
Portugal,Vodafone
Portugal,Vodafone Portugal
Portugal,Vodafone Telecel
Portugal,Zapp (Closed Q3 2011)
Puerto Rico,AT&T Mobility Puerto Rico
Puerto Rico,CCPR
Puerto Rico,Centennial (Merged Q4 2009)
Puerto Rico,Centennial de Puerto Rico
Puerto Rico,Claro (America Movil)
Puerto Rico,Claro Puerto Rico
Puerto Rico,Corecom US
Puerto Rico,Liberty (Liberty Latin America)
Puerto Rico,Liberty Puerto Rico
Puerto Rico,MoviStar Puerto Rico
Puerto Rico,Open Mobile
Puerto Rico,Open Mobile/T-Mobile (Merged Q2 2020)
Puerto Rico,Proxtel Wireless
Puerto Rico,Proxtel Wireless (North Sight Comms)
Puerto Rico,Sprint (SoftBank) (Merged Q2 2020)
Puerto Rico,Sprint Nextel Puerto Rico
Puerto Rico,SunCom Wireless Puerto Rico
Puerto Rico,T-Mobile (Deutsche Telekom)
Puerto Rico,T-Mobile Puerto Rico
Puerto Rico,Telecomunicaciones de Puerto Rico
Qatar,Ooredoo
Qatar,Ooredoo Qatar
Qatar,Vodafone
Qatar,Vodafone Qatar
Reunion,Orange
Reunion,SFR (Altice Europe)
Reunion,ZEOP Mobile
Reunion,free (Axian / Iliad)
Romania,DIGI Romania
Romania,Digi Mobil (RCS & RDS)
Romania,MobiFon
Romania,Orange
Romania,Orange Romania
Romania,Orange Romania Communications (Merged Q2 2024)
Romania,Other
Romania,Telekom Romania
Romania,Telekom Romania (OTE)
Romania,Telemobil
Romania,UPC (Merged Q3 2019)
Romania,Vodafone
Romania,Vodafone Romania
Romania,Zapp (Merged Q4 2009)
Russia,AKOS Vladivostok
Russia,Abakan Cellular Communications
Russia,Adygei Cellular Communications
Russia,Alpha Telecom
Russia,Altaisvyaz
Russia,Amur Cellular Telephone
Russia,Artelecom Russia
Russia,BashCell
Russia,Bashinformsvyaz
Russia,Baykalwestcom
Russia,Beeline Russia
Russia,Beta Telekom
Russia,Cellular Communications of Bashkortostan
Russia,Cellular Communications of Mordovia
Russia,Cellular Telephone Communications
Russia,Central Telecommunication Company
Russia,Cherkessk Cellular Communications
Russia,Chuvashia Mobile
Russia,Codotel
Russia,Dagestan Cellular Communications
Russia,Dalsvyaz
Russia,Delta Telecom Russia
Russia,Electric Communications
Russia,Elicson
Russia,Euroset
Russia,Gorno-Altaisk Cellular Communications
Russia,Ivtelecom
Russia,KMC
Russia,Kabardino-Balkaria Cellular Communications (Nalchik)
Russia,Kabardino-Balkarskii GSM
Russia,Kalmyk Cellular Communications
Russia,Karachaevo-Cherkessk TeleSot
Russia,Kirovtelecom
Russia,KubTelecom
Russia,Kurgan Cellular Telephone
Russia,MTS Russia
Russia,Martelcom
Russia,MegaFon
Russia,MetroTelKazan
Russia,Mobile Cellular Communications of Stavropol
Russia,Moscow Cellular Communications
Russia,Multiregional Transit-Telecom
Russia,Nalchik Cellular Communications
Russia,Narodny Telephone
Russia,Nizhegorodskaya Cellular Communications
Russia,Nizhnevartovsk PTUS
Russia,Nizhnii Novgorod CDMA
Russia,Novaya Telefonnaya Companiya
Russia,OrskInterSvyaz
Russia,Others Russia
Russia,Penza Mobile
Russia,Personal Communications
Russia,RCC
Russia,RSS Ingushetia
Russia,RTKOM
Russia,Radio Telecommunications Company
Russia,Rostelecom
Russia,Rostov CDMA
Russia,RusSDO
Russia,SMARTS
Russia,SOTEL - Chita Cellular Communications
Russia,SOTEL - Chuvashia
Russia,SOTEL-Astrakhan
Russia,STeK
Russia,Saratov-Mobile
Russia,Sevosetinelektrosvayz
Russia,Sibirtelecom
Russia,SkyLink Russia
Russia,Smolensk Mobile Networks
Russia,Stavropol Cellular Communications
Russia,Svyazinform; Kaliningradskaya Obl
Russia,Svyaznoy Mobile
Russia,Tatincom-T
Russia,Tekhinfo
Russia,Tele2 Russia
Russia,Tomsktelecom
Russia,Tula Cellular Radiotelephone Communications
Russia,U-UCC
Russia,Ulyanovsk-GSM
Russia,Uralsvyazinform
Russia,Volga Telecom
Russia,Vostok Mobile Netherlands
Russia,Yartelecom
Russia,Yekaterinburg-2000
Russia,Yeniseitelecom
Russia,Yota
Russian Federation,Beeline
Russian Federation,Beeline (VEON)
Russian Federation,CenterTelecom (Merged Q2 2011)
Russian Federation,Dalsvyaz (Merged Q2 2011)
Russian Federation,Fly (Tattelecom)
Russian Federation,Kodotel (Merged Q2 2013)
Russian Federation,MOTIV
Russian Federation,MTS
Russian Federation,MTS (Sistema)
Russian Federation,MegaFon
Russian Federation,New Telephone Company (Merged Q2 2011)
Russian Federation,Other
Russian Federation,Other (Merged Q1 2011)
Russian Federation,Rostelecom
Russian Federation,Rostelecom (Merged Q3 2014)
Russian Federation,SMARTS (Merged Q1 2017)
Russian Federation,Sibirtelecom (Merged Q2 2011)
Russian Federation,SkyLink (Svyazinvest) (Merged Q3 2012)
Russian Federation,Sotel (Bashinformsvyaz) (Merged Q3 2017)
Russian Federation,Tele2 (Rostelecom)
Russian Federation,Telekarta (Orion Express)
Russian Federation,Tricolor TV
Russian Federation,Uralsvyazinform (Merged Q2 2011)
Russian Federation,Vainakh Telecom
Russian Federation,VolgaTelecom (Merged Q2 2011)
Russian Federation,Yota (Scartel) (Merged Q4 2013)
Rwanda,Airtel (Airtel Africa)
Rwanda,Airtel Rwanda
Rwanda,MTN
Rwanda,MTN Rwanda
Rwanda,RwandaTel (Lap Green Network) (Closed Q2 2011)
Rwanda,Tigo (Millicom) (Merged Q1 2018)
Rwanda,Tigo Rwanda
Rwanda,kt Rwanda Networks
Réunion,Free Mobile Reunion
Réunion,Orange Réunion
Réunion,Outremer Telecom Reunion
Réunion,SFR Reunion
Saint BarthÃ©lemy,Chippie (Liberty Latin America)
Saint BarthÃ©lemy,Dauphin Telecom
Saint BarthÃ©lemy,Digicel
Saint BarthÃ©lemy,East Caribbean Cellular (Closed Q4 2010)
Saint BarthÃ©lemy,Free Mobile (Iliad)
Saint BarthÃ©lemy,Orange
Saint Helena; Ascension and Tristan da Cunha,Sure (Batelco)
Saint Kitts & Nevis,CariGlobe
Saint Kitts & Nevis,Digicel Saint Kitts & Nevis
Saint Kitts & Nevis,Flow Saint Kitts & Nevis
Saint Kitts and Nevis,Chippie (UTS) (Closed Q3 2017)
Saint Kitts and Nevis,Digicel
Saint Kitts and Nevis,Flow (Liberty Latin America)
Saint Lucia,Cingular (Merged Q4 2005)
Saint Lucia,Digicel
Saint Lucia,Digicel Saint Lucia
Saint Lucia,Flow (Liberty Latin America)
Saint Lucia,Flow Saint Lucia
Saint Martin,Chippie (Liberty Latin America)
Saint Martin,Dauphin Telecom
Saint Martin,Digicel
Saint Martin,East Caribbean Cellular (Closed Q4 2010)
Saint Martin,Free Mobile (Iliad)
Saint Martin,Orange
Saint Pierre and Miquelon,SPM Telecom (Orange)
Saint Pierre and Miquelon,globaltel
Saint Vincent & the Grenadines,Digicel Saint Vincent & The Grenadines
Saint Vincent & the Grenadines,Flow Saint Vincent & the Grenadines
Saint Vincent and the Grenadines,Cingular (Merged Q4 2005)
Saint Vincent and the Grenadines,Digicel
Saint Vincent and the Grenadines,Flow (Liberty Latin America)
Samoa,Digicel (Telstra)
Samoa,Digicel Samoa
Samoa,Telecom Samoa Cellular
Samoa,Vodafone (ATH)
Samoa,Vodafone Samoa
San Marino,Prima (San Marino Telecom) (Closed Q2 2016)
Sao Tome and Principe,CST
Sao Tome and Principe,Unitel
Saudi Arabia,Bravo
Saudi Arabia,Bravo (Wataniya) (Merged Q1 2014)
Saudi Arabia,Future Networks Communications
Saudi Arabia,ITC
Saudi Arabia,Lebara Saudi Arabia
Saudi Arabia,Mobily
Saudi Arabia,Mobily (Etihad Etisalat)
Saudi Arabia,RPON
Saudi Arabia,STC
Saudi Arabia,Virgin Mobile Saudi Arabia
Saudi Arabia,Zain
Saudi Arabia,Zain Saudi Arabia
Senegal,Expresso (Sudatel)
Senegal,Expresso Senegal
Senegal,Free Senegal
Senegal,HAYO (CSU)
Senegal,Hayo Telecom
Senegal,Kirene Mobile
Senegal,Orange (Sonatel)
Senegal,Orange Senegal
Senegal,Promobile
Senegal,Touba Mobile
Senegal,free (AXIAN)
Serbia,A1 (A1 Telekom Austria)
Serbia,A1 Serbia
Serbia,MTS Serbia
Serbia,Mobtel
Serbia,Yettel (PPF)
Serbia,Yettel Serbia
Serbia,mts (Telekom Srbija)
Seychelles,Airtel (Airtel Africa)
Seychelles,Airtel Seychelles
Seychelles,Cable & Wireless
Seychelles,Cable & Wireless Seychelles
Sierra Leone,Africell (Lintel)
Sierra Leone,Africell Sierra Leone
Sierra Leone,Comium (Closed Q4 2014)
Sierra Leone,Comium Sierra Leone
Sierra Leone,Datatel
Sierra Leone,Millicom
Sierra Leone,Orange (Sonatel)
Sierra Leone,Orange Sierra Leone
Sierra Leone,Qcell
Sierra Leone,Sierratel
Sierra Leone,Smart Mobile (Intergroup Telecom) (Closed 2017)
Sierra Leone,Tigo (Millicom) (Merged Q4 2009)
Sierra Leone,Zain Sierra Leone
Singapore,Circles.Life
Singapore,DNA Comms
Singapore,Grid Communications
Singapore,M1
Singapore,M1 Singapore
Singapore,Simba Telecom
Singapore,SingTel
Singapore,Singtel
Singapore,StarHub
Singapore,TPG SIMBA
Singapore,Virgin Mobile Asia
Singapore,Zero Mobile
Singapore,Zero1
Sint Maarten,Chippie (Liberty Latin America)
Sint Maarten,East Caribbean Cellular (Closed Q4 2010)
Sint Maarten,TelCell (Telem)
Slovakia,4ka (SWAN Mobile)
Slovakia,Eurotel Bratislava
Slovakia,Nay Mobile
Slovakia,O2 (PPF)
Slovakia,O2 Slovakia
Slovakia,Orange
Slovakia,Orange Slovakia
Slovakia,SWAN
Slovakia,Slovak Telekom
Slovakia,Slovak Telekom (Deutsche Telekom)
Slovakia,T-Mobile Slovak Republic
Slovakia,Tesco Mobile Slovak Republic
Slovenia,A1 (A1 Telekom Austria)
Slovenia,A1 Slovenia
Slovenia,Izi Mobil Slovenia
Slovenia,T-2
Slovenia,Telekom Slovenije
Slovenia,Telemach Mobil (United)
Slovenia,Telemach Slovenia
Slovenia,Tus Mobil
Slovenia,Vega (Closed Q2 2006)
Slovenia,Western Wireless Slovenia
Slovenia,debitel Slovenia
Solomon Islands,Bemobile Solomon Islands
Solomon Islands,Our Telekom (Solomon Telekom)
Solomon Islands,Solomon Telekom
Solomon Islands,bmobile-Vodafone
Somalia,Amtel (Amal group)
Somalia,Barakaat
Somalia,Barakaat (Closed Q1 2003)
Somalia,Golis
Somalia,Golis Telecom
Somalia,Hormuud Telecom
Somalia,NationLink Telecom
Somalia,Nationlink Somalia
Somalia,SO! (Somcable); Somaliland
Somalia,Sahal Telecom (Glocall Telecoms)
Somalia,Soltelco
Somalia,Somafone
Somalia,Somcable
Somalia,Somnet Telecom
Somalia,Somtel
Somalia,Somtel; Somaliland
Somalia,Telcom
Somalia,Telcom (Closed Q4 2013)
Somalia,Telesom; Somaliland
Somalia,Telsom Mobile
South Africa,Autopage Cellular
South Africa,Cell C
South Africa,Econet Wireless South Africa
South Africa,FNB Connect
South Africa,MTN
South Africa,MTN South Africa
South Africa,Nashua Mobile (Pty)
South Africa,O-Tel
South Africa,Rain
South Africa,Smartcom South Africa
South Africa,Smartphone SP
South Africa,Telkom
South Africa,Telkom South Africa
South Africa,Virgin Mobile South Africa
South Africa,Vodacom
South Africa,Vodacom South Africa
South Korea,Hansol PCS
South Korea,KT
South Korea,KT Corp
South Korea,KT M.Com
South Korea,KT Powertel
South Korea,LG U+
South Korea,SK Telecom
South Korea,Shinsegi Telecom
South Sudan,Digitel
South Sudan,Digitel Network
South Sudan,Gemtel Green Network
South Sudan,Gemtel Green Network (Closed Q1 2016)
South Sudan,MTN
South Sudan,MTN South Sudan
South Sudan,Sudani (Sudatel) (Closed Q1 2012)
South Sudan,Sudatel South Sudan
South Sudan,Vivacell (Network of the World) (Closed Q1 2018)
South Sudan,Vivacell South Sudan
South Sudan,Zain
South Sudan,Zain South Sudan
Spain,Airtel Spain
Spain,COTA
Spain,Carrefour Móvil
Spain,DIGI Spain
Spain,Euskaltel
Spain,Jazztel
Spain,Jazztel (Orange) (Merged Q3 2015)
Spain,MASMOVIL (Merged Q1 2024)
Spain,MASORANGE
Spain,Movistar (Telefonica)
Spain,MÁSMÓVIL
Spain,ONO
Spain,Ono (Merged Q3 2014)
Spain,Orange (MasOrange)
Spain,Orange Spain
Spain,Other
Spain,Simyo Spain
Spain,Telefónica Spain
Spain,The Phone House Spain
Spain,Vodafone
Spain,Vodafone (Zegona)
Spain,Vodafone Spain
Spain,Yoigo (Masmovil) (Merged Q1 2024)
Sri Lanka,Airtel (Axiata) (Merged Q3 2024)
Sri Lanka,Bharti Airtel Sri Lanka
Sri Lanka,Dialog (Axiata)
Sri Lanka,Dialog Axiata
Sri Lanka,Etisalat (Merged Q4 2018)
Sri Lanka,Etisalat Sri Lanka
Sri Lanka,Hutch
Sri Lanka,Hutch (CK Hutchison)
Sri Lanka,MTN Sri Lanka
Sri Lanka,Mobitel (Sri Lanka Telecom)
Sri Lanka,Mobitel Sri Lanka
Sri Lanka,Tigo Sri Lanka
Sudan,Bashair Telecom
Sudan,Canartel
Sudan,Gemtel
Sudan,MTN
Sudan,MTN Sudan
Sudan,Sudani (Sudatel)
Sudan,Sudatel Sudan
Sudan,Vivacell Sudan
Sudan,Zain
Sudan,Zain Sudan
Suriname,Digicel
Suriname,Digicel Suriname
Suriname,ICMS
Suriname,Telesur
Suriname,UNIQA (UTS) (Merged Q3 2015)
Suriname,Uniqa
Svalbard and Jan Mayen,Telenor
Sweden,3 (CK Hutchison)
Sweden,3 Sweden
Sweden,Allente
Sweden,Boxer (Merged Q3 2016)
Sweden,Canal Digital (Merged Q2 2020)
Sweden,Com Hem (Merged Q4 2018)
Sweden,Comviq Sweden
Sweden,Djuice
Sweden,Europolitan
Sweden,Net1 Sweden
Sweden,Other
Sweden,Sense Sweden
Sweden,Spring Mobil (Swefour) (Merged Q3 2010)
Sweden,Spring Mobil Sweden
Sweden,Tele2
Sweden,Tele2 Sweden
Sweden,Telenor
Sweden,Telenor Sweden
Sweden,Telia
Sweden,Telia Mobitel
Sweden,Telia Sweden
Sweden,Teracom
Sweden,Teracom Mobil (Teracom)
Sweden,Viasat (Merged Q2 2020)
Sweden,Vodafone Sweden
Switzerland,Coop Mobile
Switzerland,M-budget Mobile
Switzerland,Mobilezone
Switzerland,Other
Switzerland,Quickline
Switzerland,Salt
Switzerland,Salt (NJJ)
Switzerland,Sunrise
Switzerland,Sunrise (Liberty Global)
Switzerland,Sunrise Switzerland
Switzerland,Swisscom
Switzerland,Tele2 (Merged Q4 2008)
Switzerland,Tele2 Switzerland
Switzerland,UPC (Liberty Global) (Merged Q4 2020)
Switzerland,UPC Switzerland
Switzerland,in&phone (Unify) (Closed Q1 2012)
Syria,MTN
Syria,MTN Syria
Syria,Spacetel Syria
Syria,Syriatel
Syria,Syriatel Mobile Telecom
Syria,Wafa Telecom
São Tomé & Príncipe,CST
São Tomé & Príncipe,Unitel STP
Taiwan,APT Taiwan
Taiwan,Ambit
Taiwan,Asia Pacific Broadband Wireless Communications
Taiwan,Chunghwa Telecom
Taiwan,FITEL
Taiwan,FarEasTone
Taiwan,KG Telecom
Taiwan,Mobitai
Taiwan,Taiwan Mobile Company
Taiwan,Taiwan Star
Taiwan,TransAsia
Taiwan,VIBO
Taiwan; Province of China,Asia Pacific Telecom (Merged Q4 2023)
Taiwan; Province of China,Chunghwa Telecom
Taiwan; Province of China,Far EasTone
Taiwan; Province of China,First International Telecom (Closed Q1 2015)
Taiwan; Province of China,KG Telecom (Merged Q1 2004)
Taiwan; Province of China,Mobitai (Merged Q1 2006)
Taiwan; Province of China,Taiwan Mobile
Taiwan; Province of China,Taiwan Star Telecom (Merged Q4 2023)
Taiwan; Province of China,TransAsia (Merged Q1 2006)
Tajikistan,Babilon Mobile
Tajikistan,Babilon-Mobile
Tajikistan,Indigo (Merged Q3 2007)
Tajikistan,Indigo Tadjikistan
Tajikistan,Indigo Tajikistan
Tajikistan,M.Teko
Tajikistan,MegaFon
Tajikistan,MegaFon Tajikistan
Tajikistan,SkyTel (Closed Q1 2012)
Tajikistan,TK Mobile
Tajikistan,Tajiktelecom (Closed Q1 2013)
Tajikistan,Tcell
Tajikistan,ZET Mobile
Tajikistan,ZET-Mobile
Tanzania,Airtel (Airtel Africa)
Tanzania,Airtel Tanzania
Tanzania,BOL Mobile (Benson Informatics) (Closed Q2 2013)
Tanzania,Benson Informatics
Tanzania,Dovetel
Tanzania,Halotel
Tanzania,Halotel (Viettel)
Tanzania,Sasatel (Dovetel) (Closed Q2 2012)
Tanzania,Smart (Closed Q3 2019)
Tanzania,Smart Telecom Tanzania
Tanzania,Smile (Merged Q2 2024)
Tanzania,TTCL
Tanzania,Tigo (AXIAN)
Tanzania,Tigo Tanzania
Tanzania,TriTel (Closed Q1 2003)
Tanzania,Tritel Tanzania
Tanzania,Vodacom
Tanzania,Vodacom Tanzania
Tanzania,Zantel
Tanzania,Zantel (AXIAN) (Merged Q2 2022)
Thailand,365 Communications
Thailand,AIS
Thailand,AWC
Thailand,CAT
Thailand,CAT (Merged Q1 2003)
Thailand,DPC
Thailand,DTAC
Thailand,Digital Phone Company (Merged Q2 2002)
Thailand,Hutch (Merged Q1 2011)
Thailand,Hutchison-CAT
Thailand,NT (National Telecom)
Thailand,National Telecom
Thailand,TA Orange
Thailand,TOT
Thailand,TOT (Merged Q1 2003)
Thailand,TOT (Merged Q1 2021)
Thailand,True Corp
Thailand,TrueMove H (True Corporation)
Thailand,WE PCT (Asia Wireless Communication) (Closed Q1 2015)
Thailand,dtac (Telenor) (Merged Q1 2023)
Thailand,i-Mobile Plus
Timor-Leste,Telemor (Viettel)
Timor-Leste,Telin
Timor-Leste,Telkomcel (Telin)
Timor-Leste,Timor Telecom
Timor-Leste,Viettel Timor Leste
Togo,Moov Africa (Maroc Telecom)
Togo,Moov Africa Togo
Togo,Togocom
Tokelau,Teletok
Tonga,Digicel (Telstra)
Tonga,Digicel Tonga
Tonga,Tonfon
Tonga,Tonga Telecom
Tonga,U-Call (Tonga Telecom)
Tonga,WanTok Tonga
Trinidad & Tobago,Digicel Trinidad & Tobago
Trinidad & Tobago,bmobile Trinidad & Tobago
Trinidad and Tobago,Digicel
Trinidad and Tobago,bmobile (TSTT)
Tunisia,3C
Tunisia,Lycamobile Tunisia
Tunisia,Ooredoo (NMTC)
Tunisia,Ooredoo Tunisia
Tunisia,Orange
Tunisia,Orange Tunisie
Tunisia,Tunisie Telecom
Tunisia,Tunisie Télécom
Turkey,BIMcell
Turkey,PTTcell
Turkey,Teknosacell
Turkey,Telsim
Turkey,Turkcell
Turkey,Türk Telekom
Turkey,Vodafone Turkey
Turkmenistan,MTS (Sistema) (Closed Q3 2017)
Turkmenistan,MTS Turkmenistan
Turkmenistan,TM Cell
Turkmenistan,TMCELL (Altyn Asyr)
Turks & Caicos Islands,Digicel Turks & Caicos Islands
Turks & Caicos Islands,Flow Turks & Caicos Islands
Turks & Caicos Islands,Islandcom Wireless
Turks and Caicos Islands,Digicel
Turks and Caicos Islands,Flow (Liberty Latin America)
Turks and Caicos Islands,Islandcom (Merged Q1 2015)
Tuvalu,Tuvalu Telecom
Tuvalu,Tuvalu Telecommunication Corporation (TTC)
TÃ¼rkiye,Aycell (Merged Q1 2004)
TÃ¼rkiye,D-Smart
TÃ¼rkiye,Digiturk
TÃ¼rkiye,Other
TÃ¼rkiye,Superonline
TÃ¼rkiye,Turk Telekom
TÃ¼rkiye,Turkcell
TÃ¼rkiye,Turknet
TÃ¼rkiye,Turksat
TÃ¼rkiye,Vodafone
TÃ¼rkiye,Vodafone net
UAE,Etisalat
UAE,du
UK,3 UK
UK,BT Mobile
UK,Blyk UK
UK,Cellnet
UK,EE
UK,Lebara UK
UK,Lycamobile UK
UK,O2 UK
UK,One.Tel UK
UK,Orange UK
UK,Sky UK
UK,T-Mobile
UK,T-Mobile UK
UK,TalkTalk UK
UK,Telmore UK
UK,Tesco Mobile UK
UK,The Phone Co-op
UK,Virgin Media O2
UK,Virgin Media UK
UK,Virgin Mobile UK
UK,Vodafone UK
UK,giffgaff
US,360 Communications
US,ACS Wireless
US,AT&T US
US,AT&T Wireless Partners
US,Aerial
US,AirGate PCS
US,Alamosa PCS
US,Alltel
US,Altice US
US,Ameritech Cellular
US,Amp'd Mobile
US,BRAVO Wireless
US,Bell Atlantic NYNEX
US,Boost Mobile
US,Boost Mobile (Sprint)
US,Boost Mobile - MVNO
US,Centennial Wireless
US,Century Cellunet
US,CenturyTel
US,Cincinnati Bell Wireless
US,Cingular Wireless USA
US,Clearwire USA
US,Dobson Communications
US,Embarq
US,Firefly Mobile
US,HickoryTech Wireless
US,Horizon PCS
US,IWO
US,Intercel
US,Leap Wireless
US,Metro PCS
US,Motient
US,Movida US
US,NTELOS
US,Nextel Partners
US,Nextel USA
US,Omnipoint
US,Others US
US,PrimeCo PCS
US,RCC USA
US,SK-EarthLink
US,Spectrum Mobile
US,Sprint Corporation US
US,Sprint PCS Affiliates
US,Sprint PCS USA
US,Sprint US
US,SunCom Wireless USA
US,Sygnet Wireless
US,T-Mobile US
US,TracFone
US,US Unwired
US,UScellular
US,Verizon
US,Virgin Mobile US
US,VoiceStream
US,Western Wireless USA
US,Wireless Alliance
US,Xfinity Mobile
US,iPCS
US Virgin Islands,AT&T Mobility US Virgin Islands
US Virgin Islands,Liberty Mobile VI
US Virgin Islands,Sprint Nextel US Virgin Islands
US Virgin Islands,T-Mobile US Virgin Islands
US Virgin Islands,Viya
Uganda,Africell (Lintel) (Closed Q4 2021)
Uganda,Africell Uganda
Uganda,Airtel (Airtel Africa)
Uganda,Airtel Uganda
Uganda,K2 Uganda
Uganda,Lycamobile
Uganda,Lycamobile Uganda
Uganda,MTN
Uganda,MTN Uganda
Uganda,Smart (Closed Q3 2021)
Uganda,Smart Telecom Uganda
Uganda,Smile
Uganda,UTL
Uganda,UTel (UTCL)
Uganda,Uganda Telecom
Uganda,Vodafone (Afrimax) (Closed Q2 2018)
Uganda,Vodafone Uganda
Uganda,Warid Telecom (Abu Dhabi) (Merged Q2 2013)
Uganda,Warid Telecom Uganda
Uganda,i-Tel (Closed Q1 2015)
Ukraine,Beeline (VimpelCom) (Merged Q2 2010)
Ukraine,Beeline Ukraine
Ukraine,CDMA Ukraine
Ukraine,CDMA Ukraine (ITC) (Merged Q4 2012)
Ukraine,DCC (Merged Q2 2006)
Ukraine,Golden Telecom (Merged Q1 2008)
Ukraine,Intertelecom
Ukraine,Intertelecom; Crimea (Closed Q1 2018)
Ukraine,Krymtelecom; Crimea
Ukraine,Kyivstar (VEON)
Ukraine,Kyivstar Ukraine
Ukraine,Lifecell
Ukraine,MKC
Ukraine,NewTone (CST-Invest) (Merged Q1 2008)
Ukraine,PEOPLEnet
Ukraine,Phoenix; Donetsk
Ukraine,Private:Mobile
Ukraine,Sevmobile; Crimea (Closed Q4 2020)
Ukraine,Telesystems Ukraine
Ukraine,TriMob (Ukrtelecom)
Ukraine,Ukrainian Radio Systems
Ukraine,Ukrtelecom
Ukraine,Velton Telecom (Merged Q4 2012)
Ukraine,Vodafone (NEQSOL)
Ukraine,Vodafone Ukraine
Ukraine,Volna Mobile (KTK Telecom); Crimea
Ukraine,WIN Mobile (K-2 Telecom); Crimea
Ukraine,lifecell (Turkcell)
United Arab Emirates,Etisalat (e&)
United Arab Emirates,du
United Kingdom,3 (CK Hutchison)
United Kingdom,BT
United Kingdom,EE (BT)
United Kingdom,EE (BT) (Merged Q1 2016)
United Kingdom,Orange (Merged Q2 2010)
United Kingdom,Other
United Kingdom,Relish Broadband (UK Broadband) (Merged Q2 2017)
United Kingdom,Sky
United Kingdom,TalkTalk
United Kingdom,Virgin Media O2 (Telefonica/Liberty Global)
United Kingdom,Vodafone
United States of America,AT&T
United States of America,AT&T Wireless (Merged Q4 2004)
United States of America,Alaska Communications (Merged Q1 2015)
United States of America,Alltel Wireless (ATN) (Merged Q3 2013)
United States of America,Alltel Wireless (Merged Q1 2009)
United States of America,Altice USA
United States of America,BellSouth (Merged Q1 2001)
United States of America,C Spire Wireless (Telapex)
United States of America,CLEAR (Clearwire) (Merged Q3 2013)
United States of America,Centennial Wireless (Merged Q4 2009)
United States of America,CenturyLink
United States of America,Cincinnati Bell Wireless (Closed Q1 2015)
United States of America,Comcast
United States of America,Cricket Communications (Leap Wireless) (Merged Q1 2014)
United States of America,DIRECTV (Merged Q3 2015)
United States of America,DISH
United States of America,Dish Network (MVNO)
United States of America,Dobson Cellular (Merged Q4 2007)
United States of America,Frontier Communications
United States of America,GCI
United States of America,MediaCom
United States of America,MetroPCS (Merged Q2 2013)
United States of America,Nextel (Merged Q3 2005)
United States of America,Optimum (Altice)
United States of America,Other
United States of America,Powertel (Merged Q2 2001)
United States of America,Qwest (Merged Q1 2004)
United States of America,SBC (Merged Q1 2001)
United States of America,Spectrum
United States of America,Sprint (SoftBank) (Merged Q2 2020)
United States of America,Suddenlink (Altice)
United States of America,T-Mobile (Deutsche Telekom)
United States of America,Time Warner Cable (Merged Q2 2016)
United States of America,US Cellular (TDS)
United States of America,Verizon
United States of America,Verizon Wireless
United States of America,Voicestream (Merged Q2 2001)
United States of America,Western Wireless (Merged Q3 2005)
United States of America,Windstream Communications
United States of America,World Mobile
United States of America,nTelos (Merged Q2 2016)
Uruguay,ANCEL
Uruguay,ANTEL
Uruguay,Abiatar
Uruguay,Antel
Uruguay,Claro (America Movil)
Uruguay,Claro Uruguay
Uruguay,Movistar (Telefonica)
Uruguay,Movistar Uruguay
Uzbekistan,Beeline (VEON)
Uzbekistan,Beeline Uzbekistan
Uzbekistan,Buztel
Uzbekistan,Buztel (Merged Q3 2006)
Uzbekistan,MTS (Sistema) (Closed Q3 2012)
Uzbekistan,Mobiuz
Uzbekistan,Perfectum
Uzbekistan,Perfectum Mobile
Uzbekistan,Skytel (Telecom) (Closed Q2 2005)
Uzbekistan,UCell
Uzbekistan,Ucell (Telia)
Uzbekistan,Uzmacom
Uzbekistan,Uzmacom (Closed Q4 2005)
Uzbekistan,Uztelecom
Uzbekistan,mobiuz
Vanuatu,Digicel (Telstra)
Vanuatu,Digicel Pacific Vanuatu
Vanuatu,Vodafone (ATH)
Vanuatu,Vodafone Vanuatu
Vanuatu,WanTok
Venezuela,Digicel (Merged Q3 2006)
Venezuela,Digicel Venezuela
Venezuela,Digitel
Venezuela,Digitel Venezuela
Venezuela,Infonet
Venezuela,Infonet (Merged Q3 2006)
Venezuela,Movilnet
Venezuela,Movilnet (CANTV)
Venezuela,Movistar (Telefonica)
Venezuela,Movistar Venezuela
Vietnam,Cityphone (Closed Q4 2010)
Vietnam,E-Mobile (EVNTelecom) (Merged Q1 2012)
Vietnam,EVN Telecom
Vietnam,GTEL Mobile
Vietnam,Gmobile (GTEL Mobile)
Vietnam,MobiFone
Vietnam,Mobifone
Vietnam,S-Fone
Vietnam,S-Fone (S-Telecom) (Closed Q1 2014)
Vietnam,SMTC Vietnam
Vietnam,Shoreline (Closed Q3 2001)
Vietnam,VNPT
Vietnam,Vietnamobile
Vietnam,Viettel Telecom
Vietnam,Viettel Vietnam
Vietnam,Vinaphone (VNPT)
Virgin Islands; British,CCT
Virgin Islands; British,Digicel
Virgin Islands; British,Flow (Liberty Latin America)
Virgin Islands; U.S.,Centennial (Merged Q4 2009)
Virgin Islands; U.S.,Innovative Wireless (Merged Q3 2016)
Virgin Islands; U.S.,Liberty
Virgin Islands; U.S.,Sprint (SoftBank) (Merged Q2 2020)
Virgin Islands; U.S.,T-Mobile (Deutsche Telekom)
Virgin Islands; U.S.,Viya (ATN)
Wallis and Futuna Islands,Manuia (SPT)
Yemen,MTN Yemen
Yemen,Sabafon
Yemen,Spacetel Yemen
Yemen,Teleyemen (Closed Q4 2006)
Yemen,Unitel Yemen
Yemen,Y
Yemen,YOU
Yemen,Yemen Mobile
Zambia,Airtel (Airtel Africa)
Zambia,Airtel Zambia
Zambia,MTN
Zambia,MTN Zambia
Zambia,Telecel Zambia
Zambia,Vodafone (Afrimax) (Closed Q4 2019)
Zambia,Zain Zambia
Zambia,Zamtel
Zambia,ZedMobile
Zimbabwe,Econet Wireless
Zimbabwe,Econet Wireless Zimbabwe
Zimbabwe,NetOne
Zimbabwe,NetOne Zimbabwe
Zimbabwe,TelOne
Zimbabwe,Telecel (ZARNet)
Zimbabwe,Telecel Zimbabwe
